influencer_name,platform,followers,engagement_rate,likes,comments,campaign_cost,roi,predicted_roi
PriyaVibes,Tiktok,3330000.0,2922100.281711712,29221.0,0.0,82056.5,349319300.0,349319300.0
SnehaDance.xo,Instagram,3881107.0,10862200.374197362,108622.0,0.0,29328.0,-100.0,-100.0
RohanFitness,YouTube,2130000.0,7205100.215915493,68518.0,3533.0,82056.5,126074400.0,126074400.0
MeeraBeautyDanceee,Facebook,2280000.0,12654100.297982456,121286.0,5255.0,82056.5,184598800.0,184598800.0
SnehaDance_official,YouTube,1854000.0,7661400.760949299,71653.0,4961.0,45712.0,125081200.0,125081200.0
GamerVikram.xo,YouTube,1966164.0,4560100.222463639,45133.0,468.0,10248.0,68099600.0,68099600.0
NehaFoodie ,Instagram,1338074.0,2134300.05986216,20469.0,874.0,82056.5,134413500.0,134413500.0
PoojaLifestyleDanceee,YouTube,1910000.0,3520100.0,30553.0,4648.0,47437.0,236948900.0,236948900.0
SnehaDance,Facebook,1558000.0,3901900.186456996,38038.0,981.0,90352.0,-100.0,-100.0
ANANYAVLOGSINSTA ,Instagram,3901537.0,12091400.198588405,117953.0,2961.0,82056.5,403376600.0,403376600.0
RajTravelDanceee,Instagram,0.0,inf,47936.0,0.0,285159.0,-100.0,-100.0
VikramTech_official,Facebook,3800581.0,10544800.175210051,101545.0,3903.0,174884.0,383758300.0,383758300.0
RahulGamerQueen,YouTube,3832134.0,9940700.0,98654.0,753.0,82056.5,75070700.0,75070700.0
KabirTechVlogs,YouTube,4497498.0,10340700.01449695,101074.0,2333.0,82056.5,194136800.0,194136800.0
NEHAFOODIEVLOGS ,Instagram,4915000.0,4588200.222624619,45450.0,432.0,325874.0,-100.0,-100.0
SnehaDanceFitness,Facebook,1165070.0,4024800.509153956,35855.0,4393.0,272965.0,243837400.0,243837400.0
KaranFitnessDanceee,Linkedin,715526.0,10770701.888820251,107707.0,0.0,79438.0,-100.0,-100.0
GamerVikram,YouTube,2767000.0,6094600.238344777,54724.0,6222.0,82056.5,-100.0,-100.0
SaraTravelDiariesInsta,Facebook,0.0,inf,0.0,6160.0,290836.0,-100.0,-100.0
NEHAFOODIEDANCEEE ,YouTube,2410000.0,5026600.20493776,48719.0,1547.0,82056.5,268389000.0,268389000.0
NehaFoodieQueen,Instagram,600000.0,1099002.0720000002,10990.0,0.0,163308.0,-100.0,-100.0
FitAnkitVlogs,Linkedin,2891686.0,3441200.0,30908.0,3504.0,82056.5,251106900.0,251106900.0
NehaFoodie ,YouTube,1487480.0,1507300.132237072,12657.0,2416.0,155787.0,-100.0,-100.0
MeeraBeauty_official,Tiktok,0.0,inf,15142.0,0.0,321436.0,47747000.0,47747000.0
RiyaMakeupVlogs,YouTube,694527.0,0.672544047963578,0.0,0.0,127048.0,301498800.0,301498800.0
TechBitArvindDanceee,YouTube,1137530.0,12131101.449544188,115834.0,5477.0,118581.0,222927300.0,222927300.0
KABIRTECH_OFFICIAL ,Instagram,1638000.0,9352200.64004884,93274.0,248.0,307800.0,130811500.0,130811500.0
SNEHADANCEFITNESS ,YouTube,0.0,inf,119589.0,2933.0,112744.0,427807300.0,427807300.0
ArjunVlogs.xo,Facebook,4029000.0,4332700.0,37586.0,5741.0,15469.0,-100.0,-100.0
KaranFitness_official,Tiktok,372761.0,3673300.471079324,35171.0,1562.0,308215.0,42004000.0,42004000.0
MeeraBeautyInsta,TikTok,432000.0,3790403.5321759256,32736.0,5168.0,57348.0,443968500.0,443968500.0
RituFood07,TikTok,2207000.0,6433700.69646579,63419.0,918.0,223254.0,-100.0,-100.0
PriyaVibesFitness,Tiktok,0.0,inf,82762.0,0.0,16817.0,-100.0,-100.0
TanyaDance_official,Facebook,0.0,inf,0.0,842.0,82056.5,283304300.0,283304300.0
ANANYAVLOGSFITNESS ,Instagram,0.0,inf,0.0,5870.0,327081.0,-100.0,-100.0
POOJALIFESTYLEFITNESS ,YouTube,2840000.0,3887200.591126761,38872.0,0.0,261117.0,223658500.0,223658500.0
VikramTechInsta,Facebook,2990000.0,864800.0719732441,3165.0,5483.0,185237.0,402661300.0,402661300.0
RiyaMakeupDanceee,YouTube,0.0,inf,44367.0,5547.0,50302.0,-100.0,-100.0
GamerVikramVlogs,Facebook,3840000.0,11422300.342343751,108904.0,5319.0,82056.5,-100.0,-100.0
KabirTech,Facebook,3540000.0,486500.4096892656,2729.0,2136.0,117222.0,419208200.0,419208200.0
TanyaDanceInsta,Instagram,5080000.0,5063100.205669291,49157.0,1474.0,82056.5,63507300.0,63507300.0
TechBitArvind.xo,Facebook,0.0,inf,57664.0,0.0,110087.0,-100.0,-100.0
TechBitArvindDanceee,Instagram,0.0,inf,31850.0,3499.0,130307.0,-100.0,-100.0
AmitCricket_official,Facebook,4748981.0,9554600.207560316,91493.0,4053.0,82056.5,67434200.0,67434200.0
FitAnkit,Youtube,0.0,inf,20440.0,3676.0,82056.5,-100.0,-100.0
MansiBeautyQueen,Facebook,3322000.0,5120600.295334136,45202.0,6004.0,177752.0,323767600.0,323767600.0
SnehaDanceDanceee,Tiktok,1600324.0,2630900.5941296886,26309.0,0.0,17134.0,358694300.0,358694300.0
ArjunVlogs ,TikTok,3412000.0,0.2142731535756155,0.0,0.0,176702.0,283952900.0,283952900.0
ANANYAVLOGSVLOGS ,Facebook,655039.0,417902.7485386367,0.0,4179.0,82056.5,-100.0,-100.0
KaranFitnessInsta,Instagram,4251241.0,8674600.251009058,82383.0,4363.0,175539.0,-100.0,-100.0
TanyaDance.xo,YouTube,2359000.0,6723000.647392964,67230.0,0.0,283247.0,189692500.0,189692500.0
SnehaDanceDanceee,Linkedin,1391000.0,5023000.888353703,46503.0,3727.0,31277.0,223202800.0,223202800.0
SaraTravelDiariesVlogs,Instagram,5033000.0,9327500.0072124,91745.0,1530.0,82056.5,-100.0,-100.0
MeeraBeauty07,YouTube,679000.0,2.139764359351988,0.0,0.0,92803.0,-100.0,-100.0
PoojaLifestyleQueen,Youtube,1042871.0,7005201.627046874,64765.0,5287.0,153170.0,299465300.0,299465300.0
RajTravel_official,YouTube,4604553.0,57600.10624266894,0.0,576.0,82056.5,26132500.0,26132500.0
SARATRAVELDIARIES.XO ,Facebook,1290000.0,10460201.053023254,104602.0,0.0,45302.0,185668100.0,185668100.0
ShaliniFashion ,YouTube,0.0,inf,37720.0,4743.0,61779.0,432379100.0,432379100.0
MeeraBeauty.xo,Instagram,2325000.0,3215000.0982365594,28190.0,3960.0,314801.0,-100.0,-100.0
RohanFitness.xo,Instagram,1900000.0,995700.740263158,9957.0,0.0,82056.5,302766400.0,302766400.0
MansiBeautyVlogs,Facebook,4151371.0,7327200.0,73272.0,0.0,282633.0,-100.0,-100.0
SaraTravelDiariesFitness,Facebook,3056163.0,5959000.248252465,55332.0,4258.0,82056.5,-100.0,-100.0
FitAnkit ,Facebook,2115440.0,1871200.0,18339.0,373.0,82056.5,-100.0,-100.0
PriyaVibes,Instagram,1056406.0,5236400.596740268,49320.0,3044.0,82056.5,-100.0,-100.0
RAJTRAVEL_OFFICIAL ,Instagram,240000.0,278406.5258333334,0.0,2784.0,82056.5,325983000.0,325983000.0
PriyaVibes07,TikTok,3436683.0,5735200.172811981,55085.0,2267.0,149890.0,-100.0,-100.0
MansiBeauty07,Instagram,660000.0,5040901.984999999,44647.0,5762.0,82056.5,-100.0,-100.0
RahulGamerQueen,Instagram,0.0,inf,0.0,906.0,100366.0,41717100.0,41717100.0
TechBitArvindInsta,Tiktok,2381371.0,9851400.65344711,96482.0,2032.0,276042.0,346045100.0,346045100.0
AnanyaVlogs.xo,Tiktok,218308.0,9433300.0,93627.0,706.0,331091.0,-100.0,-100.0
GamerVikramFitness,Instagram,3447000.0,1937800.4017116327,19378.0,0.0,212993.0,79883200.0,79883200.0
MeeraBeautyFitness,YouTube,1410000.0,10652300.531560283,105400.0,1123.0,179618.0,-100.0,-100.0
SaraTravelDiaries.xo,YouTube,1869395.0,7235100.894193041,72351.0,0.0,55280.0,329206900.0,329206900.0
AmitCricket_official,Tiktok,2353313.0,1740500.1272248952,11678.0,5727.0,206793.0,150345900.0,150345900.0
TechBitArvindQueen,Instagram,3973189.0,8363200.196517205,79372.0,4260.0,76654.0,228265400.0,228265400.0
SnehaDance_official,Facebook,0.0,inf,85513.0,1713.0,300779.0,-100.0,-100.0
AnanyaVlogs ,Instagram,3880000.0,6583800.405670103,61051.0,4787.0,41905.0,84556400.0,84556400.0
NehaFoodieQueen,Tiktok,3977364.0,1457900.2794061594,14305.0,274.0,56732.0,320260900.0,320260900.0
RajTravelFitness,Youtube,2740000.0,7830200.027700731,77137.0,1165.0,14503.0,401660300.0,401660300.0
AmitCricket.xo,Tiktok,0.0,inf,116155.0,1701.0,138380.0,390545000.0,390545000.0
MEERABEAUTY  ,TikTok,3903816.0,4396300.472614488,43659.0,304.0,146245.0,157213900.0,157213900.0
SnehaDance,Instagram,4409551.0,10724100.0,104664.0,2577.0,26985.0,-100.0,-100.0
ShaliniFashion ,Facebook,991000.0,9412501.57184662,93043.0,1082.0,82056.5,346599200.0,346599200.0
SnehaDance07,Instagram,4390000.0,0.2436902050113895,0.0,0.0,328644.0,343044500.0,343044500.0
SaraTravelDiaries.xo,Facebook,972981.0,222500.0,0.0,2225.0,93626.0,-100.0,-100.0
SnehaDance,Instagram,1440000.0,4987000.347013889,49715.0,155.0,216459.0,429413000.0,429413000.0
AnanyaVlogs.xo,Facebook,1574907.0,3447000.712994482,31228.0,3242.0,82056.5,-100.0,-100.0
RituFoodDanceee,YouTube,2338423.0,7195800.542587888,71316.0,642.0,201266.0,-100.0,-100.0
KaranFitness ,Linkedin,0.0,inf,99619.0,4269.0,82056.5,25874000.0,25874000.0
NehaFoodieDanceee,Instagram,4571849.0,117100.24663981685,0.0,1171.0,82056.5,308591100.0,308591100.0
AnanyaVlogsQueen,Facebook,5160000.0,12410700.267364342,124107.0,0.0,312780.0,-100.0,-100.0
ShaliniFashion_official,Facebook,57000.0,2557530.392982456,20349.0,5226.0,9598.0,245347000.0,245347000.0
AMITCRICKETDANCEEE ,TikTok,2821046.0,5721800.21740163,57218.0,0.0,82056.5,420850800.0,420850800.0
ShaliniFashion ,Linkedin,0.0,inf,124479.0,6095.0,179338.0,-100.0,-100.0
ArjunVlogsInsta,YouTube,1995999.0,11183500.80435912,108366.0,3469.0,82056.5,-100.0,-100.0
KabirTechDanceee,Instagram,4612000.0,0.2338031222896791,0.0,0.0,82056.5,-100.0,-100.0
SHALINIFASHIONQUEEN ,Instagram,1145813.0,185501.30544862032,1855.0,0.0,256181.0,-100.0,-100.0
MansiBeautyQueen,YouTube,1910000.0,9948000.3973822,99480.0,0.0,324071.0,34018200.0,34018200.0
PriyaVibesVlogs,Tiktok,3308045.0,1723300.2782912564,14940.0,2293.0,219484.0,447134300.0,447134300.0
MeeraBeauty ,Tiktok,0.0,inf,52711.0,4544.0,113522.0,-100.0,-100.0
VikramTech_official,YouTube,2952000.0,193600.5771680217,0.0,1936.0,82056.5,255999000.0,255999000.0
RituFood.xo,Instagram,0.0,inf,122580.0,0.0,82056.5,165976300.0,165976300.0
VikramTechQueen,Instagram,4698000.0,10266400.071370795,102664.0,0.0,82056.5,90928200.0,90928200.0
KabirTechDanceee,Youtube,980000.0,11823800.366122449,118238.0,0.0,255979.0,-100.0,-100.0
PRIYAVIBESVLOGS ,Facebook,2140000.0,8626500.154766355,86265.0,0.0,82056.5,387035100.0,387035100.0
FITANKITFITNESS ,Tiktok,620000.0,4265700.556612903,40229.0,2428.0,281481.0,169768900.0,169768900.0
KabirTechDanceee,Linkedin,1848000.0,10279900.0,102559.0,240.0,331336.0,362178000.0,362178000.0
RahulGamer,YouTube,600000.0,826501.6065,2554.0,5711.0,82056.5,-100.0,-100.0
KaranFitness.xo,Youtube,0.0,inf,67230.0,358.0,34309.0,-100.0,-100.0
ArjunVlogs.xo,Facebook,1771000.0,487200.031112366,0.0,4872.0,176948.0,-100.0,-100.0
MeeraBeauty.xo,Facebook,4180000.0,9388800.4404067,93888.0,0.0,66462.0,151323900.0,151323900.0
ArjunVlogs_official,Facebook,2916017.0,4898200.0,48982.0,0.0,155098.0,380920800.0,380920800.0
SiddharthTravel ,Instagram,3020442.0,792600.2775752688,7926.0,0.0,36409.0,-100.0,-100.0
TanyaDanceDanceee,Instagram,224516.0,3567803.8981631603,33350.0,2328.0,206694.0,117968900.0,117968900.0
TechBitArvind,TikTok,0.0,inf,125000.0,4856.0,141585.0,444689900.0,444689900.0
SaraTravelDiaries07,Linkedin,2880690.0,2124000.031034232,21240.0,0.0,79236.0,-100.0,-100.0
ArjunVlogsQueen,Facebook,4330077.0,3036900.2190492223,30369.0,0.0,285872.0,367685800.0,367685800.0
DeepakMotivationInsta,Instagram,0.0,inf,85121.0,3179.0,82056.5,-100.0,-100.0
TechBitArvindFitness,Instagram,1160000.0,0.2637931034482759,0.0,0.0,197439.0,-100.0,-100.0
RituFoodVlogs,Linkedin,1773095.0,9277900.6684357,92779.0,0.0,82625.0,228622600.0,228622600.0
MEERABEAUTY_OFFICIAL ,Instagram,3016927.0,3118200.384066304,28382.0,2800.0,307324.0,392220000.0,392220000.0
RahulGamer07,Facebook,448000.0,3175002.2736607143,26297.0,5453.0,177495.0,88732600.0,88732600.0
PoojaLifestyleFitness,Youtube,3304854.0,4933800.343040872,43827.0,5511.0,225443.0,-100.0,-100.0
DeepakMotivationFitness,Tiktok,2700000.0,1670300.229407407,14951.0,1752.0,82056.5,91086400.0,91086400.0
GamerVikramInsta,Linkedin,4123463.0,9836900.02587631,98369.0,0.0,143782.0,-100.0,-100.0
RahulGamer_official,Instagram,130000.0,8990600.0,85038.0,4868.0,34996.0,-100.0,-100.0
DeepakMotivation,Instagram,2830000.0,551200.3081978799,0.0,5512.0,8025.0,18981100.0,18981100.0
ShaliniFashionFitness,YouTube,40000.0,3386318.3400000003,33311.0,552.0,195681.0,119742400.0,119742400.0
GamerVikramInsta,Youtube,0.0,inf,32742.0,0.0,138949.0,-100.0,-100.0
DeepakMotivation07,Facebook,1309116.0,2995200.0,29952.0,0.0,327501.0,155072000.0,155072000.0
POOJALIFESTYLE.XO ,Tiktok,4025023.0,2094500.0173912048,20022.0,923.0,82056.5,-100.0,-100.0
RiyaMakeup,Youtube,2550000.0,10031200.0,94763.0,5549.0,41677.0,166704600.0,166704600.0
VikramTechInsta,Instagram,4685409.0,7456600.335296236,72046.0,2520.0,105478.0,227566900.0,227566900.0
MEERABEAUTY.XO ,Facebook,4908000.0,613200.0,0.0,6132.0,82056.5,-100.0,-100.0
RohanFitnessQueen,Instagram,0.0,inf,95174.0,4932.0,292873.0,271805700.0,271805700.0
AnanyaVlogsDanceee,Facebook,1530524.0,10961500.070498733,109129.0,486.0,91146.0,-100.0,-100.0
DeepakMotivationQueen,Facebook,2680000.0,3044200.5002985075,24321.0,6121.0,82056.5,33199000.0,33199000.0
RajTravel_official,Instagram,56000.0,4346705.558928572,40940.0,2527.0,82056.5,149909600.0,149909600.0
MansiBeautyQueen,YouTube,4250000.0,9534500.229811763,93000.0,2345.0,82056.5,-100.0,-100.0
SaraTravelDiaries.xo,Instagram,2052436.0,3893200.652541663,37184.0,1748.0,114474.0,-100.0,-100.0
RahulGamer07,Tiktok,3280000.0,416500.3868292684,0.0,4165.0,82056.5,335008200.0,335008200.0
MeeraBeauty.xo,Tiktok,4200000.0,6512700.125238095,60420.0,4707.0,169748.0,-100.0,-100.0
TechBitArvindDanceee,Youtube,0.0,inf,18662.0,5521.0,310097.0,10540100.0,10540100.0
PriyaVibesDanceee,Facebook,52715.0,5284100.0,51071.0,1770.0,94833.0,66690400.0,66690400.0
RajTravelQueen,Youtube,3990000.0,3467100.18491228,29539.0,5132.0,334931.0,223546300.0,223546300.0
VikramTech,YouTube,3347807.0,12503600.040862571,121215.0,3821.0,82056.5,34359600.0,34359600.0
KaranFitness_official,Facebook,3080000.0,2300300.504253247,21052.0,1951.0,185574.0,-100.0,-100.0
KABIRTECH.XO ,YouTube,0.0,inf,0.0,2029.0,234830.0,-100.0,-100.0
PriyaVibesFitness,Instagram,406247.0,3901403.0048221895,33138.0,5876.0,155310.0,-100.0,-100.0
MansiBeautyFitness,Instagram,3250466.0,8444600.30192594,80692.0,3754.0,82056.5,34641100.0,34641100.0
PriyaVibesInsta,Facebook,0.0,inf,82427.0,5819.0,91051.0,-100.0,-100.0
KabirTechQueen,YouTube,0.0,inf,44444.0,2882.0,30185.0,407508900.0,407508900.0
ARJUNVLOGS07 ,Instagram,39687.0,11003524.151485372,106754.0,3281.0,181532.0,-100.0,-100.0
ShaliniFashion07,YouTube,868000.0,8432900.0,83775.0,554.0,159037.0,416267900.0,416267900.0
RAJTRAVEL  ,Linkedin,4447436.0,9616200.0,96162.0,0.0,93354.0,75959300.0,75959300.0
PriyaVibes,Facebook,4990000.0,642600.1536272545,0.0,6426.0,245391.0,169662000.0,169662000.0
FitAnkit_official,Tiktok,2703510.0,7793300.376621502,74199.0,3734.0,74213.0,300600200.0,300600200.0
AmitCricketFitness,YouTube,0.0,inf,0.0,0.0,204704.0,271682800.0,271682800.0
TanyaDanceVlogs,YouTube,2080983.0,8012100.168333907,79681.0,440.0,28553.0,327232100.0,327232100.0
RituFood.xo,YouTube,4365694.0,11222400.26055422,110156.0,2068.0,197290.0,48724600.0,48724600.0
PriyaVibes_official,Tiktok,0.0,inf,124525.0,227.0,277416.0,-100.0,-100.0
TechBitArvindQueen,YouTube,3777316.0,7412200.422072181,73909.0,213.0,183379.0,-100.0,-100.0
SnehaDance07,Tiktok,5050144.0,7400600.093541887,72680.0,1326.0,100950.0,-100.0,-100.0
DEEPAKMOTIVATIONFITNESS ,Facebook,828731.0,6843700.919116095,67559.0,878.0,293918.0,381611900.0,381611900.0
TechBitArvindFitness,Tiktok,2331407.0,8340200.0,83402.0,0.0,234187.0,445696500.0,445696500.0
RiyaMakeupFitness,YouTube,1400826.0,4645200.223653759,42301.0,4151.0,126534.0,-100.0,-100.0
RiyaMakeup_official,YouTube,2160000.0,9177300.80375,91773.0,0.0,57657.0,265414900.0,265414900.0
SaraTravelDiaries_official,YouTube,3925629.0,6571100.041369167,62140.0,3571.0,82056.5,225994100.0,225994100.0
DeepakMotivation,Facebook,1630000.0,11460000.944723926,114600.0,0.0,36914.0,131223500.0,131223500.0
AnanyaVlogs_official,Facebook,903848.0,7028900.977929917,68435.0,1854.0,63498.0,231371500.0,231371500.0
ArjunVlogs_official,YouTube,232720.0,552606.0918700584,0.0,5526.0,64821.0,-100.0,-100.0
AnanyaVlogs ,Facebook,4028913.0,8398600.329418877,81559.0,2427.0,82056.5,-100.0,-100.0
PriyaVibes_official,Tiktok,2663000.0,10842000.498310177,108420.0,0.0,258973.0,126294600.0,126294600.0
RohanFitness.xo,Facebook,1000000.0,3578900.8806,34848.0,941.0,330331.0,-100.0,-100.0
RIYAMAKEUPINSTA ,Instagram,287808.0,8248504.751084057,77624.0,4861.0,183296.0,146728300.0,146728300.0
FitAnkit_official,Facebook,0.0,inf,67743.0,509.0,82056.5,103399000.0,103399000.0
NehaFoodieFitness,Facebook,4202703.0,10374700.208246931,103446.0,301.0,82056.5,286519900.0,286519900.0
PriyaVibes ,Instagram,3796093.0,10153700.2009171,96233.0,5304.0,201984.0,337657200.0,337657200.0
KabirTech.xo,Linkedin,3100000.0,3371500.122612904,29278.0,4437.0,82056.5,277808700.0,277808700.0
SnehaDanceInsta,Instagram,937624.0,11870201.49356245,117634.0,1068.0,268604.0,338497800.0,338497800.0
RajTravelDanceee,YouTube,920000.0,3033501.8398913043,27042.0,3293.0,222293.0,21785300.0,21785300.0
NehaFoodie ,Youtube,0.0,inf,41454.0,1311.0,290196.0,-100.0,-100.0
PoojaLifestyleQueen,YouTube,1053253.0,2865701.420551378,22947.0,5710.0,138189.0,361503800.0,361503800.0
PoojaLifestyleInsta,Instagram,2165190.0,1005400.0,10054.0,0.0,82056.5,87335600.0,87335600.0
TechBitArvindDanceee,Youtube,2215672.0,4955300.0,45539.0,4014.0,82056.5,-100.0,-100.0
RahulGamerQueen,Facebook,2194420.0,9876300.0,96194.0,2569.0,82056.5,291849400.0,291849400.0
KaranFitnessVlogs,Instagram,4860000.0,1615300.3696502058,10053.0,6100.0,238212.0,-100.0,-100.0
RahulGamer07,YouTube,889551.0,5258200.392332762,52582.0,0.0,82056.5,-100.0,-100.0
TanyaDanceDanceee,Instagram,1130000.0,11008101.475309735,110081.0,0.0,82056.5,-100.0,-100.0
PoojaLifestyle_official,TikTok,2820000.0,1901700.0,17928.0,1089.0,108788.0,265246800.0,265246800.0
MansiBeauty.xo,YouTube,3788000.0,6797200.0,67972.0,0.0,32885.0,361933000.0,361933000.0
RiyaMakeupVlogs,Tiktok,4721000.0,2711000.0,24911.0,2199.0,111842.0,-100.0,-100.0
TanyaDance,Youtube,3347270.0,10486500.33803667,104029.0,836.0,82056.5,211587100.0,211587100.0
PriyaVibes_official,Instagram,3314554.0,5244500.517505522,52445.0,0.0,189025.0,194405900.0,194405900.0
VikramTech.xo,Instagram,4193000.0,2554800.272549487,20461.0,5087.0,82056.5,316242200.0,316242200.0
FitAnkitInsta,Tiktok,1710000.0,11045100.0,108000.0,2451.0,11646.0,157283800.0,157283800.0
KabirTechQueen,TikTok,1742000.0,1801700.130769231,14798.0,3219.0,302852.0,227852800.0,227852800.0
GamerVikram_official,Instagram,2272351.0,9054700.0,84237.0,6310.0,82056.5,206213000.0,206213000.0
SaraTravelDiaries,Linkedin,4898000.0,8581800.0,80406.0,5412.0,35598.0,-100.0,-100.0
KaranFitness07,Tiktok,320000.0,7672700.0,71951.0,4776.0,341054.0,329067500.0,329067500.0
KabirTechDanceee,Tiktok,1923000.0,6677600.0,63702.0,3074.0,159638.0,252919600.0,252919600.0
KaranFitness.xo,Tiktok,3440000.0,0.0798837209302325,0.0,0.0,249883.0,39363900.0,39363900.0
AmitCricket,YouTube,3371946.0,11059200.27378849,108520.0,2072.0,82056.5,87151700.0,87151700.0
PoojaLifestyleInsta,YouTube,0.0,inf,23479.0,6424.0,82056.5,317370400.0,317370400.0
RiyaMakeupQueen,Facebook,0.0,inf,22356.0,5947.0,118459.0,80868300.0,80868300.0
RiyaMakeup_official,Tiktok,0.0,inf,99175.0,5373.0,82056.5,-100.0,-100.0
SnehaDanceVlogs,Instagram,3812742.0,11335400.313160451,111034.0,2320.0,181400.0,164017600.0,164017600.0
SiddharthTravelQueen,Instagram,1675212.0,8160100.408187143,81601.0,0.0,91972.0,98255800.0,98255800.0
KabirTech07,YouTube,2759584.0,3673600.050188724,36736.0,0.0,297323.0,339982900.0,339982900.0
RajTravel.xo,Instagram,1476000.0,3006600.0,24643.0,5423.0,82056.5,348519400.0,348519400.0
ArjunVlogs07,YouTube,3544000.0,9771300.0,93198.0,4515.0,82056.5,-100.0,-100.0
ArjunVlogs_official,YouTube,4707013.0,10579100.33358735,103768.0,2023.0,150358.0,271928800.0,271928800.0
TechBitArvindVlogs,Instagram,2730000.0,8718600.025457876,85797.0,1389.0,212290.0,-100.0,-100.0
MansiBeautyQueen,Facebook,0.0,inf,98070.0,1703.0,82056.5,318920100.0,318920100.0
ROHANFITNESS ,Facebook,3151649.0,862100.0,8621.0,0.0,82056.5,136871700.0,136871700.0
NehaFoodie07,Instagram,0.0,inf,47517.0,4430.0,115063.0,328026100.0,328026100.0
AmitCricket07,Instagram,2093000.0,5061300.288580985,44432.0,6181.0,316827.0,-100.0,-100.0
TechBitArvindDanceee,YouTube,0.0,inf,0.0,0.0,21217.0,-100.0,-100.0
SiddharthTravel_official,Facebook,1140000.0,6781701.151754386,67817.0,0.0,146370.0,-100.0,-100.0
TanyaDanceVlogs,Facebook,1580000.0,4364301.168101266,43643.0,0.0,82056.5,385808700.0,385808700.0
PoojaLifestyleDanceee,Instagram,5177113.0,12219400.166560013,118687.0,3507.0,82056.5,130957600.0,130957600.0
SHALINIFASHION ,Facebook,3950918.0,10028900.422509402,95033.0,5256.0,250846.0,-100.0,-100.0
AmitCricketVlogs,Facebook,2225000.0,9350400.209213484,90036.0,3468.0,134372.0,252161900.0,252161900.0
KARANFITNESSFITNESS ,TikTok,1153172.0,7428400.904895367,74284.0,0.0,157455.0,89907600.0,89907600.0
RituFood ,TikTok,0.0,inf,1214.0,4105.0,124135.0,46528600.0,46528600.0
RiyaMakeupInsta,Linkedin,2560000.0,7577400.56359375,70449.0,5325.0,231235.0,-100.0,-100.0
PRIYAVIBES.XO ,TikTok,4384000.0,6093400.11037865,55922.0,5012.0,140907.0,-100.0,-100.0
ArjunVlogs07,Tiktok,0.0,inf,46112.0,4426.0,20236.0,108804000.0,108804000.0
RituFood_official,Tiktok,5085914.0,10462600.065907525,104626.0,0.0,59375.0,-100.0,-100.0
RajTravelInsta,Linkedin,799000.0,10487501.995619524,100147.0,4728.0,91632.0,418927700.0,418927700.0
TechBitArvindDanceee,Instagram,3873000.0,12158800.0,121588.0,0.0,242389.0,-100.0,-100.0
MeeraBeautyQueen,Instagram,536000.0,11251900.0,107045.0,5474.0,82056.5,35773900.0,35773900.0
PriyaVibes,Facebook,3500000.0,2817500.513314286,21684.0,6491.0,82056.5,-100.0,-100.0
VikramTechFitness,Instagram,708000.0,3815900.0,37102.0,1057.0,329462.0,293888000.0,293888000.0
SiddharthTravelDanceee,Facebook,1534805.0,9184000.055577092,87826.0,4014.0,170558.0,-100.0,-100.0
TanyaDance.xo,Facebook,4780000.0,98200.2300209205,0.0,982.0,303436.0,182702200.0,182702200.0
AnanyaVlogsVlogs,Facebook,4326989.0,7551800.079223682,69874.0,5644.0,82056.5,40579400.0,40579400.0
AmitCricketFitness,Tiktok,3610000.0,12358000.296814404,123361.0,219.0,82056.5,-100.0,-100.0
SiddharthTravelVlogs,Linkedin,1110000.0,10079801.355045045,98326.0,2472.0,82056.5,297928500.0,297928500.0
RituFood,TikTok,131871.0,10327700.788649514,100832.0,2445.0,107284.0,-100.0,-100.0
AmitCricket.xo,Instagram,3488166.0,4995900.370452553,46511.0,3448.0,99160.0,197552800.0,197552800.0
MeeraBeautyVlogs,Tiktok,1670000.0,12039200.847245509,114327.0,6065.0,186103.0,341694000.0,341694000.0
KaranFitness07,YouTube,689714.0,2507400.612572748,23276.0,1798.0,216252.0,426680100.0,426680100.0
DeepakMotivation ,Instagram,4870000.0,11654300.235523611,116543.0,0.0,82056.5,271038800.0,271038800.0
NehaFoodie_official,Instagram,1434000.0,7408500.0,72268.0,1817.0,82056.5,20235800.0,20235800.0
TanyaDance.xo,Facebook,2490000.0,4455100.0,41141.0,3410.0,314851.0,-100.0,-100.0
SnehaDance.xo,YouTube,0.0,inf,109421.0,4208.0,334901.0,11785400.0,11785400.0
NehaFoodieDanceee,TikTok,0.0,inf,0.0,3719.0,82056.5,248540100.0,248540100.0
ArjunVlogs_official,Facebook,0.0,inf,24983.0,0.0,20871.0,134490000.0,134490000.0
TanyaDance ,YouTube,2035336.0,5470200.718652842,52946.0,1756.0,20648.0,24041500.0,24041500.0
FitAnkit ,Facebook,380000.0,1168600.74,11176.0,510.0,128521.0,155814900.0,155814900.0
TANYADANCE ,Instagram,4840000.0,4791900.08803719,42495.0,5424.0,299872.0,431227600.0,431227600.0
PoojaLifestyle,YouTube,0.0,inf,75486.0,6435.0,82056.5,-100.0,-100.0
AnanyaVlogsQueen,Facebook,1381088.0,5858100.948382724,53772.0,4809.0,82056.5,-100.0,-100.0
GamerVikramVlogs,Tiktok,4917781.0,3741400.109988631,33187.0,4227.0,82056.5,296930600.0,296930600.0
SnehaDanceVlogs,Linkedin,3600000.0,477500.0,0.0,4775.0,144798.0,145427400.0,145427400.0
GamerVikram.xo,Linkedin,1356081.0,8571000.0,80703.0,5007.0,82056.5,187586100.0,187586100.0
ShaliniFashion07,Linkedin,4470000.0,3283600.351901566,32553.0,283.0,60260.0,14241900.0,14241900.0
KabirTechInsta,Facebook,2788845.0,346700.56930377986,0.0,3467.0,289509.0,385968000.0,385968000.0
MeeraBeautyFitness,Tiktok,745790.0,7858200.0,75746.0,2836.0,144287.0,33913200.0,33913200.0
ArjunVlogsVlogs,Facebook,0.0,inf,0.0,2350.0,82056.5,360718000.0,360718000.0
PriyaVibes07,Instagram,715000.0,11810100.0,116657.0,1444.0,82056.5,236140700.0,236140700.0
RiyaMakeup07,YouTube,906684.0,256100.0,0.0,2561.0,82056.5,-100.0,-100.0
RohanFitnessFitness,Facebook,2791000.0,8303000.60322465,83030.0,0.0,14228.0,412490300.0,412490300.0
KABIRTECH07 ,YouTube,3270000.0,9609800.37498471,91435.0,4663.0,91479.0,-100.0,-100.0
VIKRAMTECH07 ,YouTube,1690000.0,5082900.0,47460.0,3369.0,222470.0,-100.0,-100.0
NehaFoodieInsta,YouTube,4137585.0,10509300.238544948,104058.0,1035.0,43176.0,232742600.0,232742600.0
TanyaDance ,Instagram,940000.0,2807200.724255319,26841.0,1231.0,155500.0,-100.0,-100.0
SnehaDance07,YouTube,1320000.0,8731600.848030303,81736.0,5580.0,336037.0,313886000.0,313886000.0
PRIYAVIBESQUEEN ,Facebook,3533000.0,439500.0,4395.0,0.0,324249.0,-100.0,-100.0
FitAnkit.xo,YouTube,881000.0,12479300.0,124223.0,570.0,229510.0,-100.0,-100.0
ArjunVlogsQueen,TikTok,0.0,inf,111155.0,3062.0,338547.0,-100.0,-100.0
PriyaVibesQueen,Facebook,2353425.0,1258600.4436937654,12198.0,388.0,82056.5,-100.0,-100.0
PriyaVibes07,Facebook,3460000.0,105000.19150289016,0.0,1050.0,133380.0,217210900.0,217210900.0
FitAnkit,YouTube,1382000.0,6724200.761143271,67242.0,0.0,82056.5,351700900.0,351700900.0
VikramTech.xo,YouTube,3390000.0,12922500.11920354,123478.0,5747.0,82056.5,-100.0,-100.0
KabirTech ,YouTube,364358.0,6203104.285345731,62031.0,0.0,170046.0,116379000.0,116379000.0
NehaFoodie.xo,Linkedin,4868869.0,6903200.087330343,69032.0,0.0,111827.0,434860500.0,434860500.0
ShaliniFashionInsta,Facebook,2805638.0,4618700.550819457,40525.0,5662.0,78117.0,91100500.0,91100500.0
KaranFitnessDanceee,TikTok,2715831.0,208500.26798427443,2085.0,0.0,50834.0,285221200.0,285221200.0
MansiBeautyQueen,Instagram,1690610.0,12539500.0,119527.0,5868.0,295868.0,-100.0,-100.0
PoojaLifestyleFitness,YouTube,1993484.0,920300.6378782073,4381.0,4822.0,43387.0,-100.0,-100.0
SARATRAVELDIARIESFITNESS ,Tiktok,214169.0,6.603663462032321,0.0,0.0,184198.0,-100.0,-100.0
SiddharthTravel07,YouTube,0.0,inf,42681.0,0.0,21070.0,-100.0,-100.0
RiyaMakeupQueen,Tiktok,68486.0,6341707.854159975,61624.0,1793.0,82056.5,219743200.0,219743200.0
MansiBeauty,YouTube,4548355.0,2890700.3574918844,28794.0,113.0,315884.0,258422000.0,258422000.0
DeepakMotivationQueen,Linkedin,0.0,inf,0.0,2173.0,131131.0,18736400.0,18736400.0
TechBitArvindFitness,YouTube,3169476.0,4175700.0,39914.0,1843.0,82056.5,435775700.0,435775700.0
RiyaMakeupVlogs,Facebook,2320000.0,11331000.18525862,108934.0,4376.0,73587.0,6468100.0,6468100.0
DEEPAKMOTIVATION.XO ,TikTok,0.0,inf,74763.0,993.0,40373.0,364704000.0,364704000.0
SiddharthTravel07,Facebook,4430000.0,11056300.24839729,109759.0,804.0,229209.0,13960400.0,13960400.0
KaranFitnessDanceee,Facebook,182147.0,805700.3793639203,8057.0,0.0,82056.5,330529400.0,330529400.0
RituFood,Tiktok,4221937.0,4628300.190978691,46283.0,0.0,82056.5,328742300.0,328742300.0
RituFood ,Instagram,4693279.0,574500.1367913564,5745.0,0.0,229582.0,-100.0,-100.0
MansiBeautyVlogs,Instagram,4035672.0,352400.0877672913,0.0,3524.0,82056.5,111683400.0,111683400.0
RiyaMakeup_official,Tiktok,2420000.0,5413600.0,53772.0,364.0,139567.0,360271200.0,360271200.0
GamerVikramVlogs,Tiktok,3330000.0,7297500.405525525,72200.0,775.0,40812.0,96595000.0,96595000.0
KABIRTECHINSTA ,YouTube,960000.0,327501.6725,0.0,3275.0,9543.0,-100.0,-100.0
SaraTravelDiaries.xo,YouTube,19713.0,9559188.96667174,90467.0,5124.0,275353.0,83327800.0,83327800.0
RahulGamerFitness,Instagram,2880000.0,7154300.1735763885,69788.0,1755.0,113825.0,367923300.0,367923300.0
DeepakMotivationQueen,Instagram,4020814.0,5354000.449510969,52517.0,1023.0,82056.5,185320900.0,185320900.0
SnehaDanceFitness,Youtube,102790.0,7924707.227356747,73458.0,5789.0,196753.0,78857800.0,78857800.0
TechBitArvindVlogs,Instagram,4385946.0,7679200.212200516,75717.0,1075.0,82056.5,276792100.0,276792100.0
TanyaDanceFitness,Instagram,4380054.0,10470900.26492824,104709.0,0.0,48759.0,260229600.0,260229600.0
AnanyaVlogsVlogs,Linkedin,416756.0,352303.032709787,0.0,3523.0,82056.5,-100.0,-100.0
TechBitArvindInsta,TikTok,960000.0,10633500.065833334,104989.0,1346.0,339342.0,-100.0,-100.0
AnanyaVlogsQueen,Instagram,3784121.0,6922100.250309121,64277.0,4944.0,27442.0,441674700.0,441674700.0
MEERABEAUTY07 ,Facebook,2230000.0,4770300.677219731,42552.0,5151.0,82056.5,283792900.0,283792900.0
PriyaVibesInsta,Youtube,0.0,inf,24158.0,1327.0,156404.0,-100.0,-100.0
SnehaDance ,YouTube,0.0,inf,6557.0,5844.0,139160.0,271635500.0,271635500.0
SnehaDanceQueen,YouTube,0.0,inf,108161.0,273.0,133938.0,448526600.0,448526600.0
GamerVikram.xo,YouTube,4269000.0,188600.38315764812,0.0,1886.0,82056.5,-100.0,-100.0
ArjunVlogs ,Instagram,1051582.0,2786800.643221356,24207.0,3661.0,82056.5,-100.0,-100.0
MeeraBeauty,Instagram,3067527.0,8460100.0,81710.0,2891.0,82056.5,274601200.0,274601200.0
DeepakMotivation.xo,Linkedin,1215815.0,1.4232428453342,0.0,0.0,82056.5,-100.0,-100.0
TechBitArvindInsta,Instagram,3931971.0,2520800.0,23181.0,2027.0,169353.0,70863400.0,70863400.0
TechBitArvind.xo,Instagram,99620.0,3332612.925115438,30463.0,2863.0,343738.0,301739200.0,301739200.0
SiddharthTravel.xo,Facebook,1742434.0,7001600.0,63799.0,6217.0,288988.0,-100.0,-100.0
TechBitArvindVlogs,YouTube,2138000.0,10807900.810898036,102669.0,5410.0,82056.5,335946300.0,335946300.0
RituFoodVlogs,Instagram,0.0,inf,0.0,262.0,133947.0,117673700.0,117673700.0
TechBitArvindInsta,Youtube,2401000.0,6859400.2854227405,64826.0,3768.0,48826.0,448662800.0,448662800.0
GamerVikram,YouTube,3851661.0,6275400.335387771,57318.0,5436.0,82056.5,-100.0,-100.0
NehaFoodie.xo,Instagram,2085831.0,6086700.0,54434.0,6433.0,82056.5,307142100.0,307142100.0
MansiBeautyVlogs,YouTube,1590000.0,4127700.479245283,40946.0,331.0,82056.5,-100.0,-100.0
RahulGamerFitness,TikTok,3468000.0,4705300.0,47053.0,0.0,345354.0,84647800.0,84647800.0
NehaFoodieFitness,Tiktok,0.0,inf,56975.0,0.0,183720.0,177537400.0,177537400.0
RajTravelDanceee,YouTube,4328598.0,3496900.1474149367,32270.0,2699.0,26744.0,-100.0,-100.0
MansiBeauty.xo,YouTube,4067486.0,235100.20897429023,0.0,2351.0,240215.0,126473200.0,126473200.0
RohanFitness ,Linkedin,1102413.0,144200.2666877114,0.0,1442.0,82056.5,-100.0,-100.0
RituFoodVlogs,Instagram,1077465.0,1.0641644972226476,0.0,0.0,167777.0,135574600.0,135574600.0
RahulGamerDanceee,YouTube,3161776.0,9337700.39629626,91342.0,2035.0,204840.0,277415000.0,277415000.0
MeeraBeauty_official,Facebook,4440000.0,6232900.038378378,57889.0,4440.0,193181.0,426893200.0,426893200.0
VikramTech_official,Facebook,4054326.0,1222700.3263674406,9759.0,2468.0,276177.0,49227100.0,49227100.0
TanyaDanceInsta,Instagram,0.0,inf,0.0,0.0,82056.5,258502900.0,258502900.0
KABIRTECHDANCEEE ,TikTok,140000.0,342904.71142857143,0.0,3429.0,56087.0,41951000.0,41951000.0
SnehaDanceInsta,Tiktok,1130000.0,11750800.0,116529.0,979.0,267456.0,-100.0,-100.0
PoojaLifestyleFitness,Instagram,3014225.0,10536500.0,100243.0,5122.0,69534.0,75165800.0,75165800.0
RohanFitness,Linkedin,0.0,inf,23180.0,5824.0,180822.0,26546200.0,26546200.0
PriyaVibes07,Facebook,594000.0,3013302.547979798,30133.0,0.0,76030.0,-100.0,-100.0
RIYAMAKEUPDANCEEE ,YouTube,3389570.0,1332300.0168457946,9622.0,3701.0,285484.0,40349800.0,40349800.0
ShaliniFashionFitness,Facebook,2250000.0,12083600.680133332,120836.0,0.0,271142.0,-100.0,-100.0
PriyaVibesFitness,Facebook,4786000.0,10982100.125114918,109536.0,285.0,60507.0,320771300.0,320771300.0
RahulGamerQueen,Youtube,3321510.0,1751800.505402663,17518.0,0.0,146067.0,376429400.0,376429400.0
SaraTravelDiariesDanceee,YouTube,4951252.0,7015100.013612718,67894.0,2257.0,82056.5,-100.0,-100.0
ShaliniFashion.xo,YouTube,1760422.0,654200.0,2313.0,4229.0,231343.0,-100.0,-100.0
MeeraBeautyVlogs,Instagram,2898756.0,4002600.2019831953,34858.0,5168.0,109167.0,-100.0,-100.0
RiyaMakeupVlogs,TikTok,4017747.0,106100.36381086217,0.0,1061.0,82056.5,205061400.0,205061400.0
NehaFoodie,Linkedin,3136283.0,3195100.0,31137.0,814.0,82056.5,-100.0,-100.0
ShaliniFashionDanceee,Facebook,1043000.0,1982101.690987536,18640.0,1181.0,180372.0,-100.0,-100.0
RituFood07,Instagram,1054477.0,12318800.0,121350.0,1838.0,189352.0,299048700.0,299048700.0
GamerVikram07,Instagram,0.0,inf,36925.0,5605.0,82056.5,372439500.0,372439500.0
FitAnkit,Linkedin,0.0,inf,51545.0,5691.0,82056.5,204450400.0,204450400.0
RohanFitnessInsta,Facebook,807175.0,5097000.406974943,48657.0,2313.0,82056.5,-100.0,-100.0
SnehaDanceVlogs,Facebook,1843152.0,18100.483139751905,0.0,181.0,82056.5,154481500.0,154481500.0
RajTravelVlogs,Facebook,0.0,inf,67092.0,1632.0,55358.0,-100.0,-100.0
KaranFitness,YouTube,3121177.0,10879200.202455675,108792.0,0.0,63266.0,-100.0,-100.0
ArjunVlogs ,YouTube,0.0,inf,29714.0,5086.0,230415.0,238033900.0,238033900.0
ShaliniFashionInsta,Instagram,1590000.0,3951000.5666037737,34943.0,4567.0,82056.5,-100.0,-100.0
ShaliniFashion_official,YouTube,2440000.0,794900.2584836065,7949.0,0.0,276920.0,385056100.0,385056100.0
FitAnkitFitness,YouTube,2845000.0,349500.0,0.0,3495.0,171231.0,396038100.0,396038100.0
KABIRTECHQUEEN ,Facebook,4467036.0,4005700.2467631786,35059.0,4998.0,44424.0,338459100.0,338459100.0
PriyaVibesVlogs,YouTube,2151737.0,323800.82082522166,0.0,3238.0,332720.0,-100.0,-100.0
RajTravel.xo,YouTube,480000.0,439002.98125,0.0,4390.0,88956.0,278147600.0,278147600.0
GamerVikram07,Youtube,340677.0,265404.05428015394,0.0,2654.0,82056.5,404078300.0,404078300.0
FitAnkitFitness,Linkedin,4972044.0,5387500.125039118,51385.0,2490.0,15628.0,4345000.0,4345000.0
ShaliniFashionDanceee,TikTok,4040000.0,5315300.0,51248.0,1905.0,346870.0,30857900.0,30857900.0
AmitCricket ,YouTube,0.0,inf,1989.0,3107.0,282036.0,-100.0,-100.0
MeeraBeauty_official,Facebook,0.0,inf,117423.0,757.0,82056.5,318191400.0,318191400.0
RohanFitness07,YouTube,2970000.0,8600300.0,79713.0,6290.0,82056.5,103730900.0,103730900.0
SHALINIFASHION  ,Facebook,0.0,inf,51983.0,399.0,82056.5,-100.0,-100.0
ArjunVlogs07,Facebook,4177000.0,525200.0161120421,0.0,5252.0,277774.0,201243500.0,201243500.0
RituFood,Linkedin,3919700.0,10399300.237467151,103993.0,0.0,82056.5,-100.0,-100.0
FitAnkit.xo,YouTube,1749776.0,9122100.89222849,87321.0,3900.0,82056.5,283365700.0,283365700.0
AmitCricketInsta,Instagram,0.0,inf,15681.0,4148.0,330057.0,389003800.0,389003800.0
RiyaMakeup_official,Instagram,1010000.0,6065501.136039604,54634.0,6021.0,82056.5,39131500.0,39131500.0
FitAnkit ,YouTube,2100000.0,1581000.0597619049,13284.0,2526.0,107111.0,-100.0,-100.0
AnanyaVlogs_official,Tiktok,4221775.0,9487800.269223254,94878.0,0.0,109405.0,-100.0,-100.0
KabirTechVlogs,YouTube,627000.0,369501.7888357257,0.0,3695.0,82056.5,286707200.0,286707200.0
AmitCricket07,Linkedin,5103036.0,0.0,0.0,0.0,161194.0,54870600.0,54870600.0
AnanyaVlogsInsta,Facebook,400174.0,8754904.26639412,87549.0,0.0,82056.5,-100.0,-100.0
DeepakMotivationFitness,TikTok,4490000.0,1745900.1076837415,15853.0,1606.0,32625.0,-100.0,-100.0
ShaliniFashion.xo,Facebook,174396.0,10969208.049496548,108394.0,1298.0,329161.0,33481100.0,33481100.0
RajTravelQueen,TikTok,0.0,inf,12044.0,5762.0,82056.5,-100.0,-100.0
KabirTech ,Youtube,408632.0,202402.7768260929,0.0,2024.0,172386.0,195053200.0,195053200.0
RituFoodVlogs,Instagram,0.0,inf,0.0,3111.0,308771.0,-100.0,-100.0
KaranFitnessVlogs,YouTube,0.0,inf,43985.0,2480.0,82056.5,195590200.0,195590200.0
SnehaDance07,Linkedin,1824231.0,0.4459961485140862,0.0,0.0,82056.5,15391400.0,15391400.0
RajTravel,Facebook,2771000.0,2305300.483796464,23053.0,0.0,82056.5,-100.0,-100.0
TechBitArvind ,Instagram,0.0,inf,0.0,4787.0,243430.0,330927200.0,330927200.0
AmitCricket_official,YouTube,300000.0,3626500.907,30991.0,5274.0,307011.0,108029500.0,108029500.0
KaranFitness.xo,YouTube,340000.0,10236400.0,98677.0,3687.0,69990.0,-100.0,-100.0
FitAnkit.xo,TikTok,1185000.0,12263401.213586498,119036.0,3598.0,334284.0,60350000.0,60350000.0
ArjunVlogs.xo,Linkedin,3270000.0,12853200.140428131,122739.0,5793.0,243819.0,-100.0,-100.0
TechBitArvindInsta,Instagram,2401553.0,330900.4188539666,0.0,3309.0,161552.0,180937400.0,180937400.0
TANYADANCEVLOGS ,Instagram,240000.0,11658300.0,114588.0,1995.0,82056.5,425835300.0,425835300.0
ShaliniFashionFitness,Tiktok,1480000.0,8700.777229729729,0.0,87.0,302485.0,102447100.0,102447100.0
TanyaDance ,YouTube,3576808.0,6535600.386713517,62030.0,3326.0,21445.0,-100.0,-100.0
RAHULGAMER ,YouTube,0.0,inf,71403.0,5090.0,342077.0,217881100.0,217881100.0
DEEPAKMOTIVATIONVLOGS ,Tiktok,0.0,inf,77044.0,5918.0,74964.0,-100.0,-100.0
MeeraBeautyVlogs,Instagram,0.0,inf,68963.0,4976.0,84871.0,393875600.0,393875600.0
RituFoodQueen,Linkedin,5000000.0,1123900.20488,9762.0,1477.0,340823.0,43450800.0,43450800.0
ShaliniFashionQueen,Tiktok,490000.0,0.1424489795918367,0.0,0.0,82056.5,352320000.0,352320000.0
TechBitArvind_official,TikTok,0.0,inf,5434.0,4719.0,82056.5,188523200.0,188523200.0
SiddharthTravel,Facebook,1033910.0,6624500.10203983,64549.0,1696.0,82056.5,204473400.0,204473400.0
SnehaDanceDanceee,Instagram,790229.0,935102.2598512584,7663.0,1688.0,82056.5,139311500.0,139311500.0
RohanFitness,Facebook,0.0,inf,93884.0,5895.0,215693.0,-100.0,-100.0
RAJTRAVEL ,TikTok,2628348.0,464400.2801379422,1585.0,3059.0,82056.5,-100.0,-100.0
AnanyaVlogsVlogs,Instagram,0.0,inf,0.0,3652.0,48976.0,195838700.0,195838700.0
RiyaMakeupInsta,Linkedin,4967046.0,4193200.324760432,36055.0,5877.0,82056.5,29059100.0,29059100.0
RAHULGAMER ,YouTube,4303309.0,200600.3182202347,0.0,2006.0,82056.5,-100.0,-100.0
SnehaDance.xo,Facebook,4339844.0,5884800.0,56654.0,2194.0,82056.5,10246400.0,10246400.0
RiyaMakeupQueen,TikTok,3482000.0,9815500.445634693,98155.0,0.0,65286.0,-100.0,-100.0
TanyaDanceFitness,YouTube,4882143.0,8509700.212754931,85097.0,0.0,56992.0,-100.0,-100.0
FitAnkitFitness,YouTube,5029000.0,0.1907536289520779,0.0,0.0,301807.0,316861600.0,316861600.0
SnehaDanceFitness,YouTube,3466000.0,302200.0443162146,0.0,3022.0,82056.5,-100.0,-100.0
PriyaVibesFitness,TikTok,4809000.0,210200.321522146,0.0,2102.0,60893.0,-100.0,-100.0
RiyaMakeup_official,YouTube,710000.0,6689701.404647887,66648.0,249.0,82056.5,74067400.0,74067400.0
GAMERVIKRAMQUEEN ,YouTube,308000.0,11791505.628246753,113122.0,4793.0,82056.5,11734800.0,11734800.0
NEHAFOODIE.XO ,Instagram,4177000.0,598100.3713670098,0.0,5981.0,189412.0,304357800.0,304357800.0
SaraTravelDiariesVlogs,YouTube,1140000.0,8606500.0,81121.0,4944.0,124613.0,362105400.0,362105400.0
PriyaVibes ,YouTube,2148000.0,12602200.0,122797.0,3225.0,194376.0,-100.0,-100.0
MeeraBeauty ,Tiktok,1348963.0,266701.0936549038,0.0,2667.0,28698.0,285966600.0,285966600.0
ArjunVlogs ,Youtube,2020000.0,2571700.3927227724,23391.0,2326.0,264547.0,-100.0,-100.0
ArjunVlogsVlogs,TikTok,0.0,inf,18407.0,3315.0,82056.5,46433700.0,46433700.0
ShaliniFashionDanceee,Youtube,1262042.0,11553300.0,113835.0,1698.0,40485.0,-100.0,-100.0
GamerVikram ,YouTube,2069000.0,417600.0,0.0,4176.0,82056.5,281171500.0,281171500.0
SaraTravelDiaries_official,Instagram,3135145.0,12290400.040157633,120420.0,2484.0,274011.0,-100.0,-100.0
MeeraBeautyInsta,Instagram,0.0,inf,30586.0,618.0,158688.0,-100.0,-100.0
PriyaVibes.xo,Instagram,4330000.0,523000.0,0.0,5230.0,318698.0,-100.0,-100.0
RahulGamerVlogs,Youtube,3719058.0,2617400.0,22489.0,3685.0,82056.5,160851100.0,160851100.0
RiyaMakeupDanceee,Instagram,4980422.0,9616900.340011347,91885.0,4284.0,82056.5,307143300.0,307143300.0
MEERABEAUTY ,Facebook,926941.0,10169300.943533624,96974.0,4719.0,158567.0,-100.0,-100.0
MeeraBeauty,Linkedin,3990000.0,197400.25721804512,0.0,1974.0,221006.0,-100.0,-100.0
TECHBITARVINDFITNESS ,Instagram,190488.0,10590104.896371424,103136.0,2765.0,205247.0,-100.0,-100.0
PriyaVibes,YouTube,860000.0,2502501.3966279067,25025.0,0.0,12373.0,129822800.0,129822800.0
TechBitArvindInsta,Instagram,4510000.0,6694100.136563193,64257.0,2684.0,143038.0,-100.0,-100.0
SiddharthTravelVlogs,YouTube,2431167.0,902800.5705490408,9028.0,0.0,254800.0,90544300.0,90544300.0
GamerVikram,Tiktok,3873000.0,11598200.0,113311.0,2671.0,24994.0,-100.0,-100.0
KaranFitness07,Tiktok,0.0,inf,19987.0,0.0,82056.5,177954000.0,177954000.0
DeepakMotivation.xo,Facebook,2569189.0,7329500.246536943,71686.0,1609.0,82056.5,365414100.0,365414100.0
NehaFoodieQueen,Tiktok,4498314.0,7907600.0,73985.0,5091.0,39284.0,-100.0,-100.0
GamerVikram07,Instagram,3519699.0,11967500.080830775,113292.0,6383.0,82056.5,426966800.0,426966800.0
DeepakMotivation.xo,Facebook,2545500.0,2484500.4353172267,21968.0,2877.0,169043.0,275271200.0,275271200.0
ShaliniFashion,Facebook,3771000.0,6914900.042561654,68430.0,719.0,337241.0,447672200.0,447672200.0
TanyaDanceInsta,Tiktok,1275841.0,1396500.6902897777,10149.0,3816.0,249530.0,317973500.0,317973500.0
SIDDHARTHTRAVELINSTA ,Youtube,1961559.0,6585000.137696597,62344.0,3506.0,136923.0,424164300.0,424164300.0
AmitCricketInsta,TikTok,1467546.0,5390700.1458216645,49236.0,4671.0,310631.0,429867600.0,429867600.0
KabirTech,YouTube,550000.0,6836200.0,62150.0,6212.0,82056.5,365604200.0,365604200.0
TechBitArvindInsta,YouTube,984000.0,12260200.78617886,118259.0,4343.0,113642.0,61123400.0,61123400.0
PoojaLifestyle_official,Youtube,2351184.0,7234500.023690192,70576.0,1769.0,136328.0,246842200.0,246842200.0
KaranFitness.xo,YouTube,364286.0,0.5166270457827092,0.0,0.0,82056.5,188336100.0,188336100.0
NehaFoodieFitness,YouTube,1504553.0,11377400.0,107393.0,6381.0,188749.0,367864900.0,367864900.0
AnanyaVlogsQueen,Instagram,460000.0,1871300.0,17702.0,1011.0,67175.0,384272100.0,384272100.0
RituFood07,Instagram,1002911.0,8428901.203097783,82201.0,2088.0,155798.0,-100.0,-100.0
AMITCRICKET  ,Instagram,4294244.0,10159600.383327076,100973.0,623.0,240032.0,383276900.0,383276900.0
RahulGamer_official,TikTok,0.0,inf,31357.0,0.0,223491.0,-100.0,-100.0
MansiBeautyDanceee,Instagram,4370000.0,11123800.39771167,107993.0,3245.0,82056.5,187881300.0,187881300.0
RajTravel.xo,Facebook,1500000.0,10949800.5304,105318.0,4180.0,82056.5,256280600.0,256280600.0
ShaliniFashion,Youtube,2070000.0,4704000.700289855,45927.0,1113.0,330392.0,143029800.0,143029800.0
DEEPAKMOTIVATIONDANCEEE ,Youtube,2580000.0,11289500.0,108249.0,4646.0,340641.0,31302300.0,31302300.0
ShaliniFashionFitness,Facebook,2223000.0,2379700.8017993704,21402.0,2395.0,228195.0,12786800.0,12786800.0
MansiBeautyVlogs,Instagram,4704000.0,2458400.319982993,24584.0,0.0,24467.0,248134400.0,248134400.0
RajTravelFitness,YouTube,0.0,inf,0.0,3617.0,120882.0,433554400.0,433554400.0
SaraTravelDiariesFitness,Youtube,4218758.0,408200.1313182695,0.0,4082.0,201439.0,209627800.0,209627800.0
RituFoodQueen,YouTube,4799000.0,12149400.02071265,119154.0,2340.0,274841.0,106363000.0,106363000.0
SnehaDance ,Instagram,3800000.0,9685900.137921054,93308.0,3551.0,53274.0,-100.0,-100.0
RohanFitness07,Youtube,1307195.0,616500.0,0.0,6165.0,82056.5,250366900.0,250366900.0
DeepakMotivation07,Facebook,4903781.0,641100.0,0.0,6411.0,49510.0,389711300.0,389711300.0
RituFoodFitness,Youtube,4663478.0,39200.32728791687,0.0,392.0,19141.0,260592800.0,260592800.0
PriyaVibesQueen,Facebook,4432520.0,7184200.083519082,70902.0,940.0,327116.0,51282600.0,51282600.0
ShaliniFashionInsta,Youtube,3730000.0,7070100.015442358,66812.0,3889.0,82056.5,419635700.0,419635700.0
KabirTech.xo,Youtube,0.0,inf,0.0,4346.0,310991.0,192020900.0,192020900.0
AmitCricketFitness,Tiktok,3485000.0,12411600.15050215,120462.0,3654.0,82056.5,109363700.0,109363700.0
VikramTech_official,TikTok,2100000.0,6623200.323857143,66232.0,0.0,237216.0,13879200.0,13879200.0
SiddharthTravelQueen,Instagram,0.0,inf,7021.0,2060.0,82056.5,-100.0,-100.0
RajTravel07,Linkedin,2145432.0,4335000.520967339,42077.0,1273.0,82056.5,-100.0,-100.0
SARATRAVELDIARIES  ,Facebook,2466034.0,10297300.660615385,96972.0,6001.0,69719.0,269218000.0,269218000.0
DeepakMotivation_official,Tiktok,5080000.0,1670600.261948819,16706.0,0.0,82056.5,239374500.0,239374500.0
PriyaVibesFitness,TikTok,4066051.0,8166100.331107506,75927.0,5734.0,37074.0,205881400.0,205881400.0
ShaliniFashionVlogs,TikTok,0.0,inf,12491.0,4143.0,82056.5,29171200.0,29171200.0
FitAnkit ,Youtube,3840000.0,6924800.030208334,63162.0,6086.0,82056.5,-100.0,-100.0
MANSIBEAUTY.XO ,Instagram,3720000.0,9806000.42688172,94107.0,3953.0,328513.0,-100.0,-100.0
PoojaLifestyleInsta,Linkedin,3670000.0,3512600.2710899184,31384.0,3742.0,46161.0,339288900.0,339288900.0
MansiBeauty.xo,Facebook,0.0,inf,76572.0,1093.0,82056.5,260107400.0,260107400.0
NehaFoodieInsta,YouTube,0.0,inf,88936.0,0.0,20546.0,117634200.0,117634200.0
RiyaMakeupFitness,Facebook,4777967.0,5005100.055986155,48689.0,1362.0,80783.0,427237200.0,427237200.0
GamerVikramQueen,Tiktok,865846.0,12028601.902878802,116208.0,4078.0,144600.0,285128800.0,285128800.0
GAMERVIKRAMFITNESS ,Facebook,3997371.0,8341700.11545088,82298.0,1119.0,82056.5,128701400.0,128701400.0
TanyaDanceVlogs,Instagram,5171223.0,7734400.038346829,72755.0,4589.0,198362.0,-100.0,-100.0
RiyaMakeupQueen,Instagram,4980000.0,5519100.194899598,55191.0,0.0,21416.0,-100.0,-100.0
VikramTechQueen,Instagram,1310000.0,0.8590076335877862,0.0,0.0,82056.5,443500400.0,443500400.0
GamerVikramFitness,Facebook,4223661.0,902300.4245605886,6877.0,2146.0,299840.0,397112100.0,397112100.0
PriyaVibes,YouTube,1846710.0,4115800.0,41158.0,0.0,82056.5,445548100.0,445548100.0
RohanFitness,Tiktok,1301920.0,8902500.428060096,86058.0,2967.0,82056.5,418000200.0,418000200.0
AmitCricket,Tiktok,0.0,inf,88825.0,1410.0,321517.0,333157400.0,333157400.0
TechBitArvindVlogs,Youtube,4740191.0,1460400.2809802392,10368.0,4236.0,177870.0,161340900.0,161340900.0
SiddharthTravel_official,Facebook,3142286.0,5069800.108615193,46582.0,4116.0,82056.5,-100.0,-100.0
MeeraBeautyInsta,Facebook,2470000.0,6377400.668663967,57295.0,6479.0,82056.5,-100.0,-100.0
RahulGamerFitness,Facebook,2030000.0,31800.72945812808,0.0,318.0,92498.0,-100.0,-100.0
RiyaMakeupVlogs,Facebook,3477000.0,524200.0,1367.0,3875.0,273341.0,276471400.0,276471400.0
SnehaDanceFitness,Linkedin,1968000.0,10846400.235924795,106492.0,1972.0,136513.0,-100.0,-100.0
AnanyaVlogsDanceee,Instagram,0.0,inf,13439.0,2645.0,142134.0,2562000.0,2562000.0
KaranFitnessVlogs,Facebook,444000.0,9341400.0,91193.0,2221.0,24753.0,127594500.0,127594500.0
RajTravelDanceee,YouTube,4013000.0,5426200.233441316,52845.0,1417.0,82056.5,-100.0,-100.0
KabirTech ,Facebook,3210000.0,0.3181308411214953,0.0,0.0,228305.0,-100.0,-100.0
FitAnkitDanceee,YouTube,964000.0,9749101.887966804,94792.0,2699.0,82056.5,112102700.0,112102700.0
RahulGamerInsta,Tiktok,3205000.0,0.2926677067082683,0.0,0.0,24894.0,223008100.0,223008100.0
RiyaMakeupFitness,YouTube,917000.0,10366501.115267174,97202.0,6463.0,82056.5,86322000.0,86322000.0
SnehaDanceInsta,Tiktok,300000.0,523204.8193333333,5001.0,231.0,209164.0,139585000.0,139585000.0
MansiBeautyDanceee,YouTube,780000.0,8256800.897692309,82568.0,0.0,82056.5,74610900.0,74610900.0
SnehaDance07,Tiktok,3560000.0,4066400.0,38776.0,1888.0,82056.5,51522800.0,51522800.0
RajTravel.xo,Instagram,2880000.0,273700.1424652777,0.0,2737.0,214318.0,311112700.0,311112700.0
POOJALIFESTYLE.XO ,Tiktok,4014000.0,291500.10358744394,0.0,2915.0,34496.0,237506500.0,237506500.0
RohanFitnessDanceee,Instagram,697263.0,586400.0,0.0,5864.0,160146.0,365499100.0,365499100.0
RahulGamerInsta,Instagram,2120000.0,3605300.270613208,32670.0,3383.0,223096.0,265261200.0,265261200.0
ShaliniFashion_official,Instagram,4015000.0,2302500.374894147,21956.0,1069.0,24503.0,-100.0,-100.0
MeeraBeautyFitness,Instagram,1304447.0,5346800.623482594,53468.0,0.0,281831.0,32094800.0,32094800.0
SHALINIFASHION_OFFICIAL ,Facebook,4359624.0,0.1824928021315599,0.0,0.0,82056.5,-100.0,-100.0
MeeraBeautyInsta,Instagram,1280000.0,12774900.0,123083.0,4666.0,245449.0,356951800.0,356951800.0
RahulGamer_official,Linkedin,104000.0,12037200.0,120372.0,0.0,168699.0,205759200.0,205759200.0
GamerVikramVlogs,Youtube,3258157.0,1236100.246090044,12361.0,0.0,289794.0,120520200.0,120520200.0
AmitCricket_official,Linkedin,1640000.0,10530800.0,102002.0,3306.0,82056.5,262409400.0,262409400.0
KabirTech,Instagram,3140283.0,6533700.455404815,65337.0,0.0,232885.0,19446900.0,19446900.0
AmitCricketFitness,Facebook,330000.0,3255602.738787879,27242.0,5314.0,135616.0,57856200.0,57856200.0
FitAnkit07,Facebook,2770000.0,488700.5479061372,0.0,4887.0,44421.0,47104200.0,47104200.0
PriyaVibes07,Facebook,468157.0,3942700.0,36645.0,2782.0,275034.0,23826400.0,23826400.0
AmitCricket.xo,Tiktok,1490000.0,14100.703758389262,0.0,141.0,39308.0,421871300.0,421871300.0
MansiBeautyDanceee,Facebook,4540000.0,9195600.203193834,91811.0,145.0,82056.5,431299300.0,431299300.0
ShaliniFashion_official,Instagram,1170000.0,3042300.26008547,30423.0,0.0,82056.5,282520500.0,282520500.0
PoojaLifestyleDanceee,Instagram,180000.0,10533300.893888889,98957.0,6376.0,82056.5,-100.0,-100.0
AmitCricketFitness,Facebook,0.0,inf,0.0,5670.0,280182.0,248312900.0,248312900.0
RAJTRAVELDANCEEE ,YouTube,309990.0,0.952933965611794,0.0,0.0,32803.0,437670700.0,437670700.0
SiddharthTravelFitness,Instagram,217000.0,9687101.03548387,94376.0,2495.0,300411.0,105803700.0,105803700.0
PriyaVibes.xo,Youtube,1955781.0,9271400.437625686,87450.0,5264.0,82056.5,-100.0,-100.0
VikramTech_official,Facebook,66121.0,370416.3185674748,0.0,3704.0,82056.5,300817200.0,300817200.0
AmitCricket07,Instagram,2785716.0,6444600.0,64446.0,0.0,82056.5,92564900.0,92564900.0
PriyaVibes,Tiktok,5143647.0,9499600.356653556,89153.0,5843.0,82368.0,202289400.0,202289400.0
PoojaLifestyle ,Instagram,3725795.0,10071400.15355112,97616.0,3098.0,313532.0,422595100.0,422595100.0
KaranFitnessInsta,YouTube,2450000.0,2573900.01522449,23583.0,2156.0,103609.0,-100.0,-100.0
SiddharthTravel ,Instagram,407693.0,584002.7609009721,0.0,5840.0,151096.0,-100.0,-100.0
RohanFitness ,Tiktok,3409000.0,3902000.121120564,33293.0,5727.0,213326.0,300497600.0,300497600.0
RiyaMakeupQueen,Linkedin,2963775.0,11110200.23439701,110527.0,575.0,229814.0,376095800.0,376095800.0
AmitCricketFitness,TikTok,2123310.0,5864000.348606657,58640.0,0.0,82056.5,354146400.0,354146400.0
TanyaDance,Instagram,4904000.0,9702000.070493476,94732.0,2288.0,337374.0,-100.0,-100.0
RajTravelInsta,YouTube,247000.0,8302004.329554656,77688.0,5332.0,82056.5,345110700.0,345110700.0
KaranFitnessVlogs,Facebook,2920000.0,6935400.413904109,63404.0,5950.0,11354.0,-100.0,-100.0
PoojaLifestyleFitness,YouTube,4020234.0,4397800.105789862,40681.0,3297.0,82056.5,273982800.0,273982800.0
DeepakMotivation,YouTube,836000.0,7148300.0,70437.0,1046.0,185070.0,311726200.0,311726200.0
RahulGamerFitness,Facebook,2290000.0,8627400.47720524,82903.0,3371.0,230824.0,351798900.0,351798900.0
PriyaVibes ,Youtube,3621000.0,599900.0,0.0,5999.0,230742.0,249204600.0,249204600.0
KaranFitnessQueen,YouTube,4571813.0,312300.23281792144,2920.0,203.0,304184.0,400173700.0,400173700.0
KARANFITNESS.XO ,YouTube,3810000.0,827900.1329396325,5466.0,2813.0,192112.0,-100.0,-100.0
SiddharthTravel_official,Instagram,4039506.0,8198200.121623782,75577.0,6405.0,82056.5,-100.0,-100.0
SiddharthTravelDanceee,Facebook,934426.0,1961000.0,19610.0,0.0,82056.5,244614200.0,244614200.0
RiyaMakeup ,Instagram,2580000.0,6380300.0,63803.0,0.0,82056.5,3199000.0,3199000.0
RahulGamer_official,YouTube,3021505.0,3297000.2111199554,31093.0,1877.0,274030.0,106258500.0,106258500.0
GAMERVIKRAMVLOGS ,YouTube,163000.0,10570508.796932517,104837.0,868.0,65731.0,275532800.0,275532800.0
DeepakMotivationFitness,YouTube,258009.0,311600.0,0.0,3116.0,345798.0,-100.0,-100.0
AnanyaVlogs,YouTube,0.0,inf,77613.0,3850.0,100671.0,-100.0,-100.0
AmitCricketQueen,Youtube,127110.0,7.064747069467391,0.0,0.0,82056.5,322881400.0,322881400.0
GamerVikram_official,Tiktok,4728000.0,13082600.0,124831.0,5995.0,37377.0,-100.0,-100.0
TechBitArvind.xo,Youtube,0.0,inf,105590.0,4861.0,148446.0,273399500.0,273399500.0
VIKRAMTECHFITNESS ,Linkedin,576000.0,10473802.998611111,102361.0,2377.0,349657.0,-100.0,-100.0
RajTravelInsta,Linkedin,4090000.0,2265400.343471883,16225.0,6429.0,296553.0,200482400.0,200482400.0
RiyaMakeup.xo,YouTube,1880000.0,9637200.789521275,95326.0,1046.0,82056.5,-100.0,-100.0
TanyaDance07,Tiktok,3815000.0,9558000.254049804,89095.0,6485.0,182312.0,2917200.0,2917200.0
DeepakMotivationDanceee,Facebook,3934590.0,6844100.0,63266.0,5175.0,317033.0,194911000.0,194911000.0
RiyaMakeup07,Instagram,492369.0,4285800.121047426,42507.0,351.0,294812.0,-100.0,-100.0
GamerVikramVlogs,YouTube,3077890.0,3742700.514670765,37427.0,0.0,82056.5,-100.0,-100.0
AnanyaVlogsDanceee,Tiktok,0.0,inf,29497.0,0.0,9854.0,400762200.0,400762200.0
FitAnkit07,Instagram,2970000.0,417100.0,0.0,4171.0,324501.0,-100.0,-100.0
ArjunVlogsFitness,Youtube,2823172.0,3344200.32945212,33345.0,97.0,99998.0,187054800.0,187054800.0
GamerVikram,Instagram,3400000.0,1624100.2627352942,14771.0,1470.0,307993.0,410133100.0,410133100.0
ArjunVlogsInsta,TikTok,2605063.0,3655300.5909645935,34268.0,2285.0,176642.0,249373400.0,249373400.0
TanyaDance ,Facebook,3479000.0,1551800.5170738718,13462.0,2056.0,157242.0,-100.0,-100.0
RohanFitness07,Instagram,2976265.0,4724700.0,43333.0,3914.0,55654.0,202396600.0,202396600.0
KaranFitness.xo,YouTube,4964771.0,10193600.169756068,98546.0,3390.0,82056.5,277510700.0,277510700.0
PoojaLifestyleFitness,Tiktok,4360000.0,4750300.320298165,46404.0,1099.0,50330.0,392615800.0,392615800.0
SaraTravelDiaries_official,Facebook,3389783.0,8063000.112131072,78323.0,2307.0,191349.0,55233300.0,55233300.0
GamerVikramVlogs,Facebook,99000.0,342216.34747474745,0.0,3422.0,258081.0,-100.0,-100.0
SaraTravelDiariesDanceee,YouTube,3141000.0,11194100.34584527,106679.0,5262.0,225645.0,-100.0,-100.0
RahulGamer,Instagram,2579200.0,4803300.7033188585,43866.0,4167.0,260093.0,188794000.0,188794000.0
KabirTechInsta,Facebook,4800000.0,7588200.155145833,73743.0,2139.0,237497.0,433943700.0,433943700.0
RahulGamer ,YouTube,0.0,inf,35487.0,0.0,82056.5,-100.0,-100.0
ArjunVlogsFitness,Instagram,496342.0,12251600.525242675,118968.0,3548.0,82056.5,130218300.0,130218300.0
SaraTravelDiaries,TikTok,3160000.0,556200.1901265823,0.0,5562.0,15353.0,114715700.0,114715700.0
GamerVikram_official,Instagram,2670000.0,2743000.091573033,23617.0,3813.0,82056.5,41587400.0,41587400.0
SiddharthTravel07,Linkedin,430000.0,10421403.520930232,99811.0,4403.0,208918.0,-100.0,-100.0
SiddharthTravelDanceee,Facebook,48000.0,2548900.0,20196.0,5293.0,213390.0,-100.0,-100.0
RAJTRAVEL_OFFICIAL ,Facebook,2603176.0,196200.30263032543,0.0,1962.0,162065.0,21126900.0,21126900.0
PRIYAVIBESVLOGS ,YouTube,2066665.0,538100.6570973041,1667.0,3714.0,82056.5,-100.0,-100.0
AnanyaVlogsDanceee,TikTok,1238000.0,0.9890145395799678,0.0,0.0,52749.0,159960900.0,159960900.0
ArjunVlogs,Linkedin,1514308.0,2549700.6218682067,23388.0,2109.0,303021.0,-100.0,-100.0
KabirTech,Tiktok,3720000.0,10136100.190591397,99570.0,1791.0,82056.5,190916800.0,190916800.0
PoojaLifestyleVlogs,YouTube,0.0,inf,74568.0,950.0,82056.5,30517500.0,30517500.0
KaranFitness07,Facebook,580000.0,598200.0,0.0,5982.0,82056.5,229268800.0,229268800.0
MEERABEAUTYFITNESS ,Instagram,0.0,inf,77048.0,6147.0,129764.0,-100.0,-100.0
DeepakMotivation_official,YouTube,2588000.0,6334300.213330757,62935.0,408.0,187191.0,-100.0,-100.0
DeepakMotivation,Tiktok,3351000.0,772100.5364070426,3481.0,4240.0,82056.5,161167800.0,161167800.0
SnehaDance.xo,Instagram,0.0,inf,57954.0,0.0,82056.5,76325700.0,76325700.0
PoojaLifestyleDanceee,Facebook,652000.0,3404301.069171779,27670.0,6373.0,82056.5,390610200.0,390610200.0
MeeraBeauty_official,Tiktok,1295457.0,12010900.0,113834.0,6275.0,82056.5,72793100.0,72793100.0
SHALINIFASHIONINSTA ,Instagram,5181724.0,10764300.009533506,105186.0,2457.0,108753.0,276339600.0,276339600.0
DeepakMotivationFitness,Instagram,879763.0,8114300.0,78903.0,2240.0,83670.0,-100.0,-100.0
SnehaDance.xo,Facebook,4520000.0,9002400.131438052,84826.0,5198.0,203661.0,64883000.0,64883000.0
RajTravelDanceee,YouTube,1169737.0,12063600.244670384,115824.0,4812.0,82056.5,375555200.0,375555200.0
SaraTravelDiariesInsta,Instagram,4458095.0,5533600.031156806,51466.0,3870.0,160567.0,-100.0,-100.0
SnehaDance07,Tiktok,4960890.0,8183700.364652311,81673.0,164.0,194564.0,-100.0,-100.0
KaranFitnessVlogs,Linkedin,3760000.0,0.0831914893617021,0.0,0.0,194042.0,127516200.0,127516200.0
FitAnkitDanceee,Youtube,2255000.0,1890400.056141907,14447.0,4457.0,82056.5,-100.0,-100.0
SiddharthTravelVlogs,YouTube,2225322.0,7870700.291059001,76562.0,2145.0,82056.5,6072500.0,6072500.0
ShaliniFashion ,Youtube,1203696.0,438701.19398918,4387.0,0.0,307308.0,-100.0,-100.0
MansiBeautyFitness,Instagram,3940000.0,8461000.250355331,84610.0,0.0,197920.0,196429200.0,196429200.0
MansiBeautyQueen,Instagram,3434642.0,11546100.432272123,115461.0,0.0,12867.0,-100.0,-100.0
PoojaLifestyle07,Youtube,2040000.0,8204800.0,82048.0,0.0,82056.5,-100.0,-100.0
RahulGamerDanceee,Instagram,1362959.0,10140200.854978029,99758.0,1644.0,13172.0,243863900.0,243863900.0
MansiBeautyQueen,Instagram,2082500.0,11628300.495606244,114644.0,1639.0,82056.5,62308200.0,62308200.0
AnanyaVlogs07,Tiktok,4811000.0,4701000.0,42760.0,4250.0,82056.5,-100.0,-100.0
FitAnkitDanceee,Linkedin,0.0,inf,74480.0,4029.0,148914.0,269765800.0,269765800.0
PriyaVibes_official,YouTube,1720000.0,488400.0,0.0,4884.0,82056.5,65952700.0,65952700.0
RajTravelInsta,YouTube,3112482.0,11436100.52462954,111350.0,3011.0,19077.0,-100.0,-100.0
TanyaDanceQueen,Linkedin,1277556.0,5732300.336345335,52483.0,4840.0,95228.0,327316400.0,327316400.0
KabirTechVlogs,Facebook,4310297.0,1630200.0870241656,11621.0,4681.0,44775.0,16629300.0,16629300.0
KaranFitnessInsta,YouTube,4057694.0,12537700.0,122320.0,3057.0,112218.0,-100.0,-100.0
RajTravel ,Linkedin,3757896.0,8597600.431544673,85976.0,0.0,82056.5,300380800.0,300380800.0
AnanyaVlogs.xo,Instagram,0.0,inf,0.0,0.0,82056.5,36326300.0,36326300.0
ArjunVlogsVlogs,Instagram,1049254.0,2976200.549723899,29185.0,577.0,226154.0,301277200.0,301277200.0
SaraTravelDiariesQueen,Instagram,1332000.0,9583101.322822822,91113.0,4718.0,248436.0,118852600.0,118852600.0
NehaFoodieInsta,Facebook,2280320.0,0.5109370614650576,0.0,0.0,18308.0,322467500.0,322467500.0
RajTravel,Tiktok,3577000.0,3571600.3840089464,30702.0,5014.0,192765.0,-100.0,-100.0
AmitCricket ,Instagram,5182320.0,12360200.214035414,122468.0,1134.0,82056.5,-100.0,-100.0
PoojaLifestyleVlogs,Youtube,0.0,inf,52770.0,4136.0,329441.0,269818100.0,269818100.0
NehaFoodieInsta,TikTok,2089941.0,501800.0,0.0,5018.0,82056.5,436379300.0,436379300.0
MansiBeauty ,Tiktok,1295258.0,6619400.346494676,59821.0,6373.0,51459.0,208393300.0,208393300.0
TechBitArvind ,Instagram,4840000.0,6100600.299752066,56833.0,4173.0,325962.0,164307000.0,164307000.0
TanyaDance,YouTube,1801546.0,294600.4518896548,0.0,2946.0,108783.0,-100.0,-100.0
RahulGamer07,YouTube,3750170.0,300100.3099059509,3001.0,0.0,141360.0,-100.0,-100.0
RohanFitnessQueen,YouTube,0.0,inf,9961.0,4259.0,179279.0,19534500.0,19534500.0
DeepakMotivationInsta,YouTube,1041142.0,2482300.2021818347,24823.0,0.0,49813.0,397211200.0,397211200.0
KaranFitnessQueen,Linkedin,0.0,inf,47873.0,1482.0,82056.5,-100.0,-100.0
SnehaDance.xo,Facebook,1760000.0,11691300.0,111619.0,5294.0,276416.0,-100.0,-100.0
PoojaLifestyle.xo,TikTok,299758.0,722502.4169496727,1800.0,5425.0,200604.0,55425300.0,55425300.0
TanyaDance,Linkedin,900000.0,11120600.79588889,111206.0,0.0,82056.5,-100.0,-100.0
SiddharthTravelInsta,Instagram,4088561.0,2752700.36311064,26083.0,1444.0,82056.5,337883200.0,337883200.0
VikramTechInsta,Instagram,4497940.0,648200.0,0.0,6482.0,110859.0,109621100.0,109621100.0
RahulGamer.xo,YouTube,2798919.0,5438000.628028178,48950.0,5430.0,249316.0,183770800.0,183770800.0
MansiBeauty,Instagram,0.0,inf,55083.0,5357.0,191382.0,153431100.0,153431100.0
AnanyaVlogsQueen,Linkedin,1425716.0,10332800.624107469,98611.0,4717.0,82056.5,-100.0,-100.0
ARJUNVLOGSINSTA ,Tiktok,0.0,inf,49366.0,0.0,182134.0,-100.0,-100.0
TechBitArvindQueen,Instagram,420000.0,5991502.661904762,58025.0,1890.0,116142.0,320652600.0,320652600.0
AmitCricket07,YouTube,2900775.0,173600.0,0.0,1736.0,89095.0,-100.0,-100.0
RahulGamer,YouTube,4270000.0,10856100.277213115,106067.0,2494.0,218974.0,290406300.0,290406300.0
FitAnkitVlogs,Facebook,5060956.0,11047200.0,105788.0,4684.0,209475.0,-100.0,-100.0
SnehaDanceFitness,Tiktok,609505.0,2400101.479725351,21938.0,2063.0,45729.0,-100.0,-100.0
KaranFitness07,Instagram,3000000.0,11609000.529133333,114104.0,1986.0,49789.0,-100.0,-100.0
RajTravel07,Facebook,5090000.0,6219800.045363458,58847.0,3351.0,224850.0,231451800.0,231451800.0
ShaliniFashionDanceee,Youtube,2893535.0,11574900.515770502,112051.0,3698.0,39135.0,352787600.0,352787600.0
AmitCricket_official,TikTok,4019000.0,9924700.300597165,93337.0,5910.0,242347.0,-100.0,-100.0
KabirTechInsta,Linkedin,0.0,inf,89013.0,0.0,82056.5,266642400.0,266642400.0
RahulGamerInsta,Linkedin,2608000.0,6068800.238305215,54799.0,5889.0,209633.0,183821600.0,183821600.0
GamerVikramInsta,YouTube,2489000.0,1534000.59276818,11052.0,4288.0,255201.0,125952600.0,125952600.0
SHALINIFASHIONQUEEN ,Facebook,5129552.0,10846500.290044822,103884.0,4581.0,187924.0,-100.0,-100.0
RiyaMakeupDanceee,Instagram,0.0,inf,0.0,631.0,82056.5,-100.0,-100.0
TechBitArvindInsta,YouTube,0.0,inf,29262.0,1902.0,68463.0,-100.0,-100.0
AmitCricketInsta,Instagram,4990000.0,3866500.153006012,38665.0,0.0,82056.5,103606300.0,103606300.0
PoojaLifestyle.xo,YouTube,4674628.0,5571900.167029333,55417.0,302.0,82056.5,29041700.0,29041700.0
RajTravel,Instagram,1091000.0,245500.25967002747,0.0,2455.0,181892.0,420741200.0,420741200.0
PoojaLifestyleInsta,Facebook,0.0,inf,89086.0,3971.0,175696.0,120828100.0,120828100.0
RajTravelVlogs,Facebook,4745159.0,12423300.337185752,120685.0,3548.0,82056.5,295575500.0,295575500.0
TanyaDanceInsta,Facebook,2403000.0,7467700.7391177695,71665.0,3012.0,178950.0,313860700.0,313860700.0
SaraTravelDiaries.xo,TikTok,4920000.0,0.0,0.0,0.0,227996.0,290465900.0,290465900.0
RAHULGAMERDANCEEE ,Instagram,3781831.0,4148400.0,39404.0,2080.0,239245.0,-100.0,-100.0
DeepakMotivationQueen,Instagram,0.0,inf,120723.0,0.0,104221.0,98222400.0,98222400.0
PoojaLifestyleVlogs,Facebook,1315972.0,8251300.0,80330.0,2183.0,159884.0,69287700.0,69287700.0
KaranFitnessFitness,YouTube,4790000.0,12565000.181565763,119293.0,6357.0,210558.0,269166300.0,269166300.0
DeepakMotivationInsta,YouTube,745327.0,3518702.1275225505,29502.0,5685.0,228736.0,215537700.0,215537700.0
FitAnkit_official,Instagram,0.0,inf,21298.0,3507.0,93694.0,114599500.0,114599500.0
PriyaVibes ,Facebook,0.0,inf,94977.0,549.0,82056.5,253784200.0,253784200.0
TanyaDanceDanceee,Facebook,0.0,inf,105052.0,5133.0,210833.0,80463600.0,80463600.0
KaranFitnessDanceee,Instagram,2181688.0,1847300.762666339,18473.0,0.0,62262.0,405845800.0,405845800.0
MansiBeautyVlogs,Facebook,172000.0,10551802.570348836,100716.0,4802.0,79639.0,122650200.0,122650200.0
PriyaVibesVlogs,Facebook,1318000.0,11845300.023292867,115529.0,2924.0,316554.0,141479800.0,141479800.0
RohanFitness,Linkedin,2700000.0,241300.66259259265,0.0,2413.0,329597.0,-100.0,-100.0
RiyaMakeupVlogs,Tiktok,1981788.0,10561800.876783997,99970.0,5648.0,189066.0,343791300.0,343791300.0
SnehaDanceInsta,Tiktok,4935678.0,1223700.079178585,8778.0,3459.0,82056.5,-100.0,-100.0
FitAnkit,Instagram,2466000.0,1936600.5390510948,16422.0,2944.0,134398.0,-100.0,-100.0
RAHULGAMER  ,Youtube,960000.0,7180800.446041666,68993.0,2815.0,242722.0,316562700.0,316562700.0
SiddharthTravel_official,YouTube,2324094.0,7424100.747947372,74241.0,0.0,82056.5,-100.0,-100.0
RAJTRAVEL ,Facebook,0.0,inf,86140.0,3759.0,82056.5,78989000.0,78989000.0
RahulGamerDanceee,YouTube,0.0,inf,52619.0,0.0,247000.0,184206700.0,184206700.0
MeeraBeauty,Tiktok,0.0,inf,60228.0,0.0,82056.5,-100.0,-100.0
KaranFitness ,Facebook,230000.0,11745300.0,117453.0,0.0,73975.0,445797800.0,445797800.0
SiddharthTravel_official,TikTok,3570000.0,5924100.272661064,57481.0,1760.0,330234.0,393252800.0,393252800.0
RajTravel_official,YouTube,0.0,inf,32756.0,4043.0,81745.0,407655400.0,407655400.0
VikramTechFitness,Facebook,1468834.0,12074101.037013032,117590.0,3151.0,64377.0,287923000.0,287923000.0
VikramTech.xo,Facebook,4373945.0,6156600.118817223,60051.0,1515.0,82056.5,41311200.0,41311200.0
ARJUNVLOGS_OFFICIAL ,Facebook,920000.0,6280400.0,61962.0,842.0,82056.5,-100.0,-100.0
VikramTech07,Linkedin,469209.0,1797203.4769154044,17555.0,417.0,290799.0,-100.0,-100.0
KaranFitness07,Linkedin,3293000.0,2978600.0994837536,26556.0,3230.0,67449.0,-100.0,-100.0
ArjunVlogsVlogs,Instagram,1740000.0,4224300.0,42243.0,0.0,82056.5,386305400.0,386305400.0
TechBitArvind_official,Facebook,3500000.0,375300.0694571429,0.0,3753.0,235463.0,144284400.0,144284400.0
TanyaDance.xo,YouTube,1320000.0,7135300.556666666,65708.0,5645.0,270998.0,-100.0,-100.0
SNEHADANCEVLOGS ,Facebook,1520000.0,11481400.805921052,114814.0,0.0,82056.5,358319400.0,358319400.0
KaranFitness07,Tiktok,1487690.0,3593800.1148760826,35938.0,0.0,82056.5,434527900.0,434527900.0
RituFoodQueen,Youtube,0.0,inf,113726.0,5672.0,226127.0,448369200.0,448369200.0
DeepakMotivation.xo,Instagram,3293000.0,3963400.289310659,38141.0,1493.0,82056.5,-100.0,-100.0
MeeraBeautyDanceee,YouTube,0.0,inf,11701.0,5783.0,33139.0,103180700.0,103180700.0
RiyaMakeup07,Tiktok,0.0,inf,117706.0,0.0,320904.0,282040800.0,282040800.0
TanyaDanceVlogs,Facebook,0.0,inf,92869.0,5015.0,82056.5,55848100.0,55848100.0
SIDDHARTHTRAVELQUEEN ,Tiktok,0.0,inf,54013.0,4306.0,37804.0,231912400.0,231912400.0
RahulGamer_official,Instagram,1219475.0,85700.0,0.0,857.0,55310.0,301896800.0,301896800.0
TechBitArvindInsta,Tiktok,65000.0,1546502.773846154,15465.0,0.0,140062.0,84198100.0,84198100.0
SaraTravelDiaries,Facebook,3505000.0,2776000.1764051355,27411.0,349.0,202527.0,344214000.0,344214000.0
VikramTechQueen,Tiktok,740000.0,10339100.0,96966.0,6425.0,82056.5,247098800.0,247098800.0
DeepakMotivation07,YouTube,1614000.0,10032400.744299876,98164.0,2160.0,240440.0,-100.0,-100.0
RituFoodDanceee,Instagram,2880000.0,583500.187986111,0.0,5835.0,82056.5,228704000.0,228704000.0
PriyaVibesInsta,Instagram,4420000.0,7218700.120067873,69213.0,2974.0,173877.0,51033100.0,51033100.0
SaraTravelDiaries07,Instagram,3250000.0,2092700.4003384616,14520.0,6407.0,82056.5,243398200.0,243398200.0
NehaFoodie.xo,YouTube,2105000.0,9508400.576674584,95084.0,0.0,283446.0,-100.0,-100.0
FitAnkitDanceee,Youtube,3002742.0,1064500.014486759,6494.0,4151.0,288218.0,212412200.0,212412200.0
VikramTech_official,TikTok,4555832.0,2910500.2784123737,23673.0,5432.0,121963.0,147348700.0,147348700.0
GamerVikramVlogs,Tiktok,1013000.0,1239200.9347482724,11019.0,1373.0,138594.0,-100.0,-100.0
RIYAMAKEUP ,Facebook,4300000.0,11503600.281418605,113674.0,1362.0,82056.5,-100.0,-100.0
FitAnkitInsta,Instagram,3840000.0,9685200.042526042,94004.0,2848.0,331384.0,292153900.0,292153900.0
ShaliniFashion.xo,Instagram,1086000.0,5926800.717219153,58749.0,519.0,338213.0,310385000.0,310385000.0
AnanyaVlogsVlogs,Instagram,3336000.0,239400.42149280576,0.0,2394.0,82056.5,-100.0,-100.0
PRIYAVIBES  ,Instagram,4378000.0,399400.0,0.0,3994.0,82056.5,255708700.0,255708700.0
RohanFitness,Linkedin,4907860.0,11594200.0,111052.0,4890.0,82056.5,-100.0,-100.0
GamerVikram_official,Tiktok,4649410.0,1656500.3444092905,16565.0,0.0,82056.5,14955600.0,14955600.0
RiyaMakeup ,Linkedin,0.0,inf,94861.0,0.0,82056.5,339219000.0,339219000.0
PriyaVibesFitness,Instagram,3967348.0,5350800.0,52468.0,1040.0,82056.5,-100.0,-100.0
SnehaDance.xo,Instagram,4884000.0,248300.06957411955,0.0,2483.0,264893.0,-100.0,-100.0
DeepakMotivation07,Facebook,0.0,inf,0.0,5082.0,82056.5,73847400.0,73847400.0
TanyaDance_official,Facebook,1296006.0,2923500.0,29235.0,0.0,321175.0,435205900.0,435205900.0
GamerVikram.xo,YouTube,4417275.0,11799500.084056348,117304.0,691.0,82056.5,-100.0,-100.0
MansiBeauty.xo,Facebook,0.0,inf,33069.0,0.0,296254.0,-100.0,-100.0
KabirTechInsta,Instagram,3263000.0,10681500.56558382,102657.0,4158.0,229656.0,79356300.0,79356300.0
FitAnkit07,YouTube,2423894.0,13014800.0,123808.0,6340.0,82056.5,160571500.0,160571500.0
AMITCRICKETINSTA ,Linkedin,4158149.0,1309100.409220545,13091.0,0.0,100513.0,-100.0,-100.0
RajTravelVlogs,Youtube,3166000.0,5800900.297220468,53826.0,4183.0,47572.0,269713200.0,269713200.0
NehaFoodieInsta,YouTube,4377636.0,6650400.217583189,66504.0,0.0,83731.0,53431200.0,53431200.0
RajTravelFitness,Tiktok,0.0,inf,96164.0,3833.0,204598.0,331331300.0,331331300.0
ShaliniFashion_official,YouTube,4471532.0,746600.2135733346,4740.0,2726.0,178500.0,361025100.0,361025100.0
SaraTravelDiariesVlogs,YouTube,0.0,inf,0.0,0.0,291418.0,-100.0,-100.0
VIKRAMTECHQUEEN ,Youtube,1950000.0,4754900.76676923,44938.0,2611.0,13696.0,-100.0,-100.0
SHALINIFASHIONVLOGS ,Tiktok,3510000.0,490200.2643304843,0.0,4902.0,82056.5,436835400.0,436835400.0
GamerVikram.xo,Instagram,0.0,inf,70103.0,0.0,9756.0,392770100.0,392770100.0
MeeraBeautyInsta,Instagram,1880000.0,4800300.55287234,44510.0,3493.0,65238.0,375481900.0,375481900.0
MansiBeautyVlogs,Linkedin,0.0,inf,90094.0,5493.0,86029.0,-100.0,-100.0
SnehaDance ,Linkedin,0.0,inf,50619.0,1130.0,82056.5,-100.0,-100.0
AmitCricketVlogs,Youtube,0.0,inf,0.0,4058.0,82056.5,-100.0,-100.0
RohanFitness.xo,TikTok,0.0,inf,0.0,3347.0,277879.0,-100.0,-100.0
AmitCricketFitness,Facebook,1115562.0,11955800.061314387,114193.0,5365.0,134551.0,304170500.0,304170500.0
AnanyaVlogs.xo,TikTok,1513412.0,8837900.315314006,88379.0,0.0,216104.0,277096100.0,277096100.0
KabirTech.xo,Tiktok,0.0,inf,32345.0,198.0,146792.0,219898900.0,219898900.0
TechBitArvindVlogs,Instagram,0.0,inf,112228.0,291.0,102126.0,-100.0,-100.0
RahulGamer,Facebook,3817913.0,454300.4688687249,0.0,4543.0,16069.0,163563300.0,163563300.0
ArjunVlogsInsta,Instagram,0.0,inf,1923.0,4720.0,166347.0,-100.0,-100.0
RiyaMakeupInsta,Youtube,0.0,inf,103600.0,1769.0,82056.5,31747500.0,31747500.0
SnehaDanceQueen,Instagram,1367579.0,6066500.644862197,55446.0,5219.0,127512.0,401524000.0,401524000.0
RohanFitness,Instagram,3778000.0,7975200.427448385,79509.0,243.0,79778.0,47747600.0,47747600.0
TechBitArvindFitness,YouTube,4308000.0,9618400.141109563,96184.0,0.0,82056.5,27463700.0,27463700.0
TanyaDance_official,Facebook,5067140.0,181500.2770399081,0.0,1815.0,210462.0,169203200.0,169203200.0
MansiBeautyQueen,Instagram,1793000.0,5875500.807919688,54513.0,4242.0,65932.0,152383900.0,152383900.0
ShaliniFashionFitness,Instagram,3766630.0,9723600.022646235,95237.0,1999.0,82056.5,-100.0,-100.0
RiyaMakeup07,Tiktok,3388998.0,4076900.327973047,35028.0,5741.0,189176.0,356763000.0,356763000.0
KaranFitnessVlogs,Instagram,1633136.0,11422501.08153883,113143.0,1082.0,217389.0,19000000.0,19000000.0
GamerVikramVlogs,Youtube,0.0,inf,106241.0,6241.0,82056.5,7100600.0,7100600.0
RohanFitness.xo,Linkedin,4096000.0,523700.1865966797,0.0,5237.0,82056.5,178149100.0,178149100.0
KaranFitness,Tiktok,4264000.0,596300.2084662289,5963.0,0.0,150065.0,70517000.0,70517000.0
PriyaVibes ,YouTube,4285259.0,9726900.0,91704.0,5565.0,82056.5,-100.0,-100.0
VikramTech_official,YouTube,714273.0,2057002.0870171487,20570.0,0.0,240667.0,137652900.0,137652900.0
AnanyaVlogsFitness,Facebook,234000.0,9828006.06880342,98280.0,0.0,236710.0,129880500.0,129880500.0
AmitCricket_official,TikTok,4019550.0,4310000.246271349,41913.0,1187.0,313948.0,-100.0,-100.0
GamerVikramDanceee,Facebook,2650000.0,11764000.128603771,117342.0,298.0,231249.0,98295800.0,98295800.0
TanyaDanceVlogs,Youtube,0.0,inf,77488.0,0.0,62776.0,131593000.0,131593000.0
AmitCricket.xo,Linkedin,4942000.0,11970300.293120194,113340.0,6363.0,82056.5,-100.0,-100.0
ARJUNVLOGSVLOGS ,YouTube,0.0,inf,20406.0,5687.0,271223.0,-100.0,-100.0
NehaFoodie_official,YouTube,1577817.0,12711900.0,120788.0,6331.0,317408.0,385907100.0,385907100.0
SnehaDanceFitness,YouTube,1115707.0,11481100.72223263,112861.0,1950.0,62360.0,-100.0,-100.0
SnehaDance_official,YouTube,3255022.0,2192300.4955419656,18900.0,3023.0,268544.0,217515700.0,217515700.0
RohanFitnessQueen,Facebook,0.0,inf,45440.0,3405.0,82056.5,106589000.0,106589000.0
RohanFitness ,Tiktok,704000.0,7776902.15,74356.0,3413.0,177288.0,-100.0,-100.0
TanyaDanceDanceee,YouTube,2718000.0,5875000.660596026,56165.0,2585.0,346485.0,145345400.0,145345400.0
NehaFoodieInsta,Instagram,100000.0,1100800.0,5212.0,5796.0,82056.5,-100.0,-100.0
FitAnkitDanceee,Instagram,86000.0,3.22093023255814,0.0,0.0,82056.5,-100.0,-100.0
PriyaVibes07,Instagram,0.0,inf,8886.0,2047.0,201737.0,-100.0,-100.0
RiyaMakeup ,TikTok,0.0,inf,0.0,5971.0,82056.5,-100.0,-100.0
RahulGamerVlogs,Tiktok,2260000.0,96800.25778761062,0.0,968.0,82056.5,-100.0,-100.0
SiddharthTravel.xo,YouTube,0.0,inf,67786.0,6203.0,82056.5,343416700.0,343416700.0
FITANKITDANCEEE ,Tiktok,1384074.0,8412000.316457069,80245.0,3875.0,178780.0,219729800.0,219729800.0
AmitCricket_official,YouTube,4681000.0,3523500.0,34962.0,273.0,86678.0,-100.0,-100.0
PriyaVibes.xo,Facebook,0.0,inf,46691.0,6044.0,330828.0,-100.0,-100.0
DeepakMotivation ,TikTok,2593210.0,5974500.0,59745.0,0.0,212708.0,4108300.0,4108300.0
PRIYAVIBESFITNESS ,Instagram,0.0,inf,114683.0,3146.0,255039.0,344849400.0,344849400.0
GAMERVIKRAMINSTA ,YouTube,0.0,inf,47293.0,4073.0,82056.5,122000800.0,122000800.0
AmitCricket ,Instagram,4475864.0,892300.0997572759,5499.0,3424.0,117349.0,-100.0,-100.0
KaranFitness ,Instagram,0.0,inf,0.0,1738.0,60652.0,162653600.0,162653600.0
RITUFOOD ,Tiktok,4011000.0,11556100.443654949,111958.0,3603.0,324383.0,44964000.0,44964000.0
GamerVikram ,Instagram,1368000.0,8357500.399195907,81984.0,1591.0,82056.5,407862100.0,407862100.0
VikramTech ,Instagram,4021267.0,6519500.399103069,60981.0,4214.0,256824.0,306146000.0,306146000.0
KabirTech_official,YouTube,0.0,inf,82169.0,2583.0,150861.0,-100.0,-100.0
PoojaLifestyle_official,YouTube,0.0,inf,0.0,4914.0,98791.0,244139800.0,244139800.0
NehaFoodieInsta,Instagram,4855000.0,1629400.2277651906,14245.0,2049.0,301752.0,54365200.0,54365200.0
SaraTravelDiariesInsta,Instagram,3146000.0,2975000.479338843,28469.0,1281.0,332324.0,150641000.0,150641000.0
PriyaVibesInsta,Instagram,10000.0,12423175.7,120365.0,3866.0,19506.0,131012300.0,131012300.0
RiyaMakeupFitness,Facebook,972000.0,5029701.294341564,45012.0,5285.0,82519.0,54005000.0,54005000.0
MeeraBeauty.xo,Instagram,2929475.0,5517000.339719575,54893.0,277.0,167893.0,176015200.0,176015200.0
AnanyaVlogs,TikTok,0.0,inf,0.0,0.0,82056.5,208123700.0,208123700.0
ShaliniFashion ,Instagram,0.0,inf,52711.0,3505.0,82056.5,-100.0,-100.0
AmitCricket,Youtube,4466777.0,8781900.032081297,81411.0,6408.0,82056.5,-100.0,-100.0
SaraTravelDiariesDanceee,Linkedin,2708784.0,11486400.572803147,114864.0,0.0,82056.5,-100.0,-100.0
TechBitArvindInsta,Tiktok,0.0,inf,104720.0,2583.0,82056.5,-100.0,-100.0
ArjunVlogsDanceee,Instagram,0.0,inf,81646.0,2500.0,315711.0,7826800.0,7826800.0
SaraTravelDiaries07,YouTube,4602000.0,1980800.0,19461.0,347.0,82056.5,170015100.0,170015100.0
RohanFitnessQueen,Tiktok,2931188.0,169400.15652356655,0.0,1694.0,82056.5,-100.0,-100.0
RITUFOOD  ,Instagram,4983087.0,9279700.210612416,86351.0,6446.0,55909.0,30229600.0,30229600.0
DeepakMotivation07,Linkedin,330000.0,3327602.3327272725,33017.0,259.0,281213.0,280843500.0,280843500.0
AnanyaVlogsVlogs,Linkedin,2840000.0,65000.0,0.0,650.0,82056.5,-100.0,-100.0
KabirTech_official,Instagram,4054076.0,4983800.371379323,49838.0,0.0,82056.5,-100.0,-100.0
TANYADANCEINSTA ,Linkedin,3820000.0,8840300.192329843,82368.0,6035.0,181719.0,218783500.0,218783500.0
SNEHADANCE ,Facebook,0.0,inf,111353.0,2663.0,283675.0,405979800.0,405979800.0
DeepakMotivationFitness,Instagram,0.0,inf,80656.0,244.0,82056.5,108945300.0,108945300.0
PoojaLifestyle ,Facebook,3840000.0,101800.14494791668,0.0,1018.0,76239.0,138789400.0,138789400.0
DeepakMotivation,Facebook,48284.0,1806027.706900837,13151.0,4909.0,82056.5,409107400.0,409107400.0
SaraTravelDiariesDanceee,Facebook,1950000.0,10952900.537179489,109529.0,0.0,100778.0,361621700.0,361621700.0
RohanFitness_official,Instagram,0.0,inf,49232.0,0.0,286792.0,271856300.0,271856300.0
RiyaMakeupInsta,TikTok,1260000.0,8234700.400952381,80990.0,1357.0,256339.0,299836300.0,299836300.0
GamerVikramDanceee,YouTube,2550826.0,10781300.028186947,105878.0,1935.0,66948.0,179898000.0,179898000.0
AmitCricket.xo,Linkedin,4720172.0,406600.1853322294,0.0,4066.0,236741.0,-100.0,-100.0
SiddharthTravel07,YouTube,0.0,inf,37178.0,6383.0,323376.0,-100.0,-100.0
FitAnkitQueen,Tiktok,2934339.0,2074300.6050425663,15709.0,5034.0,314416.0,185814200.0,185814200.0
AnanyaVlogs ,Linkedin,0.0,inf,90443.0,0.0,141663.0,-100.0,-100.0
AnanyaVlogs_official,Tiktok,5100000.0,8026400.231,76019.0,4245.0,35323.0,-100.0,-100.0
PoojaLifestyleQueen,Instagram,3171848.0,4357000.388070298,41330.0,2240.0,87691.0,-100.0,-100.0
PoojaLifestyle,Tiktok,0.0,inf,118527.0,292.0,82056.5,-100.0,-100.0
RituFoodInsta,Linkedin,2435406.0,5107100.510017632,45027.0,6044.0,82056.5,-100.0,-100.0
GamerVikram,Instagram,3449733.0,4331200.281471059,38303.0,5009.0,82056.5,295457600.0,295457600.0
GamerVikramInsta,Facebook,4140000.0,3591100.0,32042.0,3869.0,82056.5,-100.0,-100.0
ArjunVlogsFitness,Facebook,844000.0,5938101.27985782,54272.0,5109.0,44518.0,35405100.0,35405100.0
DEEPAKMOTIVATION_OFFICIAL ,Facebook,4217295.0,10853300.326560035,102798.0,5735.0,82056.5,396115200.0,396115200.0
SaraTravelDiaries07,Instagram,260000.0,45904.24846153846,0.0,459.0,125993.0,-100.0,-100.0

